FILIAL,NOME DO REBOCADOR,MOTIVO INDISPONIBILIDADE,,OBSERVAÇÃO DO MOTIVO,CONSEQUÊNCIAS,DATA/HORA INÍCIO,DATA/HORA FIM,CUSTO AFRETAMENTO,ref mês:
RGD,Abaís I,REPARO,,MANUTENÇÃO CORRETIVA - AQUECIMENTO DO CARTER,AFRETAMENTO,10/01/2015 07:00:00,10/01/2015 10:00:00,,
RGD,Abaís I,REPARO,,MANUTENÇÃO CORRETIVA - AQUECIMENTO DO CARTER,AFRETAMENTO,10/01/2015 14:00:00,10/01/2015 21:00:00,,
RGD,S/N David,REPARO,,OVERHAUL SN DAVID ( DO DIA 05/02 Até 21/02),AFRETAMENTO,05/01/2015 00:00:00,21/01/2015 00:00:00,,jan
RGD,S/N David,REPARO,,MANUTENÇÃO CORRETIVA - CORREIA (23/01/2015 22:00 - 24/01/2015 02:00,NÃO HOUVE IMPACTO EM MANOBRA,23/01/2015 22:00:00,23/01/2015 22:00:00,,jan
RGD,S/N David,REPARO,,MANUTENÇÃO CORRETIVA - GERADOR,AFRETAMENTO,28/01/2015 07:00:00,28/01/2015 17:00:00,,
SDR,Caburaí,ABASTECIMENTO,,AQUISIÇÃO DE COMBUSTIVEL,NÃO HOUVE IMPACTO EM MANOBRA,20/01/2015 00:00:00,20/01/2015 00:00:00,,
SDR,S/N Pirambu,ABASTECIMENTO,,AQUISIÇÃO DE COMBUSTIVEL,NÃO HOUVE IMPACTO EM MANOBRA,14/01/2015 00:00:00,14/01/2015 00:00:00,,
SDR,S/N Pirambu,REPARO,,SUBSTITUIÇÃO DA MANGUEIRA DO GUINCHO NO CAMAROTE DOS MARINHEIROS,NÃO HOUVE IMPACTO EM MANOBRA,28/01/2015 00:00:00,28/01/2015 00:00:00,,
SDR,Carajás,ABASTECIMENTO,,AQUISIÇÃO DE COMBUSTIVEL,NÃO HOUVE IMPACTO EM MANOBRA,19/01/2015 00:00:00,19/01/2015 00:00:00,,
SDR,Carajás,ABASTECIMENTO,,RECEBIMENTO DE COMBUSTIVEL - TRANSFERENCIA,NÃO HOUVE IMPACTO EM MANOBRA,19/01/2015 00:00:00,19/01/2015 00:00:00,,
SDR,Carajás,REPARO,,TROCA 200L DE ÓLEO MEROPA 150 NO SCHOTTEL BB,NÃO HOUVE IMPACTO EM MANOBRA,20/01/2015 00:00:00,20/01/2015 00:00:00,,
SDR,Carajás,REPARO,,RETIRADO MAU CONTATO E REALIZADO LIMPEZA NO PRESSOSTATO DE ACOPLA / DESACOPLA SCHOTTEL BE,NÃO HOUVE IMPACTO EM MANOBRA,23/01/2015 00:00:00,23/01/2015 00:00:00,,
SDR,Pituba,REPARO,,SUBSTITUIDO LÂMPADA DE EXITAÇÃO QUEIMADA DO ALTERNADOR TUNGA 24VCC,NÃO HOUVE IMPACTO EM MANOBRA,19/01/2015 00:00:00,19/01/2015 00:00:00,,
STR,SN Maraú,REPARO,PREVENTIVO,LIMPEZA NO RESFRIADOR DE OLEO HIDRAULICO E LUBRIFICANTE DO HRP BB,NÃO HOUVE IMPACTO EM MANOBRA,10/01/2015 00:00:00,10/01/2015 00:00:00,,
STR,SN Maraú,REPARO,CORRETIVO,INSTALAÇÃO DAS PELICULAS DAS VIGIAS DO PASSADIÇO,NÃO HOUVE IMPACTO EM MANOBRA,26/01/2015 00:00:00,26/01/2015 00:00:00,,
STR,SN Jatobá,REPARO,PREVENTIVO,MANUTENÇÃO PREVENTIVA NO RESFRIADOR DO MCP,NÃO HOUVE IMPACTO EM MANOBRA,08/01/2015 00:00:00,08/01/2015 00:00:00,,
STR,SN Jatobá,REPARO,CORRETIVO,VIBRAÇÃO ANORMAL E HELICE TRAVADA,NÃO HOUVE IMPACTO EM MANOBRA,23/01/2015 00:50:00,23/01/2015 09:00:00,,
STR,SN Jatobá,REPARO,CORRETIVO,MERGULHO PARA VERIFICAR PROPULSORES - VIBRAÇÃO E PARAFUSOS QUEBRADOS,NÃO HOUVE IMPACTO EM MANOBRA,23/01/2015 09:00:00,23/01/2015 12:00:00,,
STR,Sauípe,REPARO,CORRETIVO,MANUTENÇÃO NO GINCHO DE PROA,NÃO HOUVE IMPACTO EM MANOBRA,09/01/2015 09:00:00,09/01/2015 10:30:00,,
STR,Sauípe,REPARO,PREVENTIVO,TROCA DO ACOPLAMENTO DA BOMBA INJETORA DO MCP/BB,NÃO HOUVE IMPACTO EM MANOBRA,19/01/2015 00:00:00,19/01/2015 00:00:00,,
STR,Sauípe,REPARO,CORRETIVO,AJUSTE/TROCA DE BALROAS,AFRETAMENTO,20/01/2015 10:00:00,20/01/2015 16:20:00,,
STR,Sauípe,VISTORIA,PREVENTIVO,VISTORIA TERMINAL PETROBRAS,NÃO HOUVE IMPACTO EM MANOBRA,28/01/2015 00:00:00,28/01/2015 00:00:00,,
VIT,S/N Aragipe,REPARO,,Troca de óleo e filtro lubrificante e do filtro de óleo diesel do MCA de BB,NÃO HOUVE IMPACTO EM MANOBRA,06/01/2015 10:00:00,06/01/2015 11:00:00,,
VIT,S/N Aragipe,REPARO,,"Manutenção da bomba salgada nº1 do guinho ( abertura, substituição do selo, fechamento e teste de funcionamento)",NÃO HOUVE IMPACTO EM MANOBRA,06/01/2015 08:00:00,06/01/2015 11:00:00,,
VIT,S/N Aragipe,REPARO,,"Desmontagem da sapata de freio do guincho de proa, a bordo, e transportada para a oficina.",NÃO HOUVE IMPACTO EM MANOBRA,08/01/2015 08:00:00,08/01/2015 11:40:00,,
VIT,S/N Aragipe,REPARO,,"Desmontagem da tomada de força do SRP de BB ( técnico da Schottel ), desmontagem e substituição do Back stop, montagem e teste de funcionamento.",AFRETAMENTO,12/01/2015 13:00:00,14/01/2015 17:00:00,,
VIT,S/N Aragipe,REPARO,,Troca de duas baterias do MCP de BB.,NÃO HOUVE IMPACTO EM MANOBRA,15/01/2015 08:00:00,15/01/2015 09:40:00,,
VIT,S/N Aragipe,REPARO,,"Piano de válvula de óleo diesel, foi trocado 2 válvulas.",NÃO HOUVE IMPACTO EM MANOBRA,16/01/2015 13:00:00,16/01/2015 17:00:00,,
VIT,S/N Aragipe,INSPEÇÃO,,"Tanque de consumo de serviço BB, inspeção da trinca do tanque no qual o reparo será feito na docagem.",AFRETAMENTO,19/01/2015 08:00:00,19/01/2015 17:00:00,,
VIT,S/N Aragipe,REPARO,,"Piano de válvula de óleo diesel, foi trocado a 3 válvula borboleta de 2"".",NÃO HOUVE IMPACTO EM MANOBRA,20/01/2015 08:00:00,20/01/2015 12:00:00,,
VIT,S/N Aragipe,REPARO,,Desempeno do tambor do guinho de proa.,AFRETAMENTO,22/01/2015 08:00:00,22/01/2015 20:45:00,,
VIT,S/N Aragipe,REPARO,,Troca do conjunto de ar condicionado do camarote dos marinheiros,NÃO HOUVE IMPACTO EM MANOBRA,23/01/2015 08:00:00,23/01/2015 11:00:00,,
VIT,S/N Aragipe,REPARO,,Troca de óleo e filtro lubrificante e do filtro de óleo diesel do MCP de BE,NÃO HOUVE IMPACTO EM MANOBRA,23/01/2015 08:00:00,23/01/2015 11:00:00,,
VIT,S/N Aragipe,REPARO,,Montagem e teste do conjunto de freio do guincho de proa,AFRETAMENTO,23/01/2015 08:00:00,23/01/2015 16:00:00,,
VIT,S/N Aragipe,REPARO,,Retirada de óleo queimado do tanque de borra,NÃO HOUVE IMPACTO EM MANOBRA,28/01/2015 08:00:00,28/01/2015 10:00:00,,
VIT,S/N Aragipe,REPARO,,Troca de válvula do piston de baixa do compresso do guincho de proa.,NÃO HOUVE IMPACTO EM MANOBRA,28/01/2015 15:00:00,28/01/2015 17:00:00,,
VIT,SN Oiapoque,REPARO,,Substituição de 2 o'rings CAT 109-2332 da tubulação de óleo lubrificante do MCP de BE.,NÃO HOUVE IMPACTO EM MANOBRA,13/01/2015 08:00:00,13/01/2015 11:00:00,,
VIT,SN Oiapoque,REPARO,,Troca do óleo lubrificante e troca dos filtros de óleo lubrificante do MCP BE,NÃO HOUVE IMPACTO EM MANOBRA,26/01/2015 10:00:00,26/01/2015 12:00:00,,
VIT,SN Oiapoque,REPARO,,Troca do óleo lubrificante e troca dos filtros de óleo lubrificante do MCP BB,NÃO HOUVE IMPACTO EM MANOBRA,26/01/2015 08:00:00,26/01/2015 10:00:00,,
RJ1,Atalaia,ABASTECIMENTO,,PEGOU 9.000 LTS - AGUA,NÃO HOUVE IMPACTO EM MANOBRA,03/01/2015 00:00:00,03/01/2015 00:00:00,,
RJ1,Atalaia,ABASTECIMENTO,,PEGOU 9.000 LTS - AGUA,NÃO HOUVE IMPACTO EM MANOBRA,09/01/2015 00:00:00,09/01/2015 00:00:00,,
RJ1,S/N Araruama,ABASTECIMENTO,,PEGOU - 18.000 LTS - AGUA,NÃO HOUVE IMPACTO EM MANOBRA,09/01/2015 00:00:00,09/01/2015 00:00:00,,
RJ1,Mossoró,ABASTECIMENTO,,PEGOU - 9.000 LTS AGUA,NÃO HOUVE IMPACTO EM MANOBRA,12/01/2015 00:00:00,12/01/2015 00:00:00,,
RJ1,Mossoró,ABASTECIMENTO,,PEGOU - 9.000 LTS AGUA,NÃO HOUVE IMPACTO EM MANOBRA,19/01/2015 00:00:00,19/01/2015 00:00:00,,
SEP,S/N Guarapari,REPARO,,Problema eletrico MCP BB,AFRETAMENTO,02/01/2015 14:00:00,02/01/2015 16:00:00,,
SEP,S/N Guarapari,REPARO,,Problema eletrico MCP BB,AFRETAMENTO,03/01/2015 20:00:00,06/01/2015 13:00:00,,
MAC,Pirajá,REPARO,,JUNTA DA BASE DA TURBIDA DO MCP-BB,NÃO HOUVE IMPACTO EM MANOBRA,06/01/2015 00:00:00,06/01/2015 00:00:00,,
MAC,Pirajá,REPARO,,REGULADOR DE AR DO APITO,NÃO HOUVE IMPACTO EM MANOBRA,07/01/2015 00:00:00,07/01/2015 00:00:00,,
MAC,Pirajá,REPARO,,FIXAÇÃO TURBINA DO MCP-BB,NÃO HOUVE IMPACTO EM MANOBRA,09/01/2015 00:00:00,09/01/2015 00:00:00,,
MAC,Pirajá,INSPEÇÃO,,FLUIDO ARREFECIMENTO DO MCA-BE,NÃO HOUVE IMPACTO EM MANOBRA,15/01/2015 00:00:00,15/01/2015 00:00:00,,
MAC,Pirajá,REPARO,,VEDAÇÃO DO BICO INJETOR Nº 3 MCA-BE,NÃO HOUVE IMPACTO EM MANOBRA,16/01/2015 00:00:00,16/01/2015 00:00:00,,
MAC,Pirajá,REPARO,,REDE DE REFRIGERAÇÃO DO MCA-BE,NÃO HOUVE IMPACTO EM MANOBRA,20/01/2015 00:00:00,20/01/2015 00:00:00,,
MAC,Pirajá,INSPEÇÃO,,AR CONDICIONADO DO REFEITORIO,NÃO HOUVE IMPACTO EM MANOBRA,23/01/2015 00:00:00,23/01/2015 00:00:00,,
MAC,Pirajá,REPARO,,ILUMINAÇÃO DO BANHEIRO,NÃO HOUVE IMPACTO EM MANOBRA,26/01/2015 00:00:00,26/01/2015 00:00:00,,
PNG,SN Chuí,ABASTECIMENTO MGO,,,NÃO HOUVE IMPACTO EM MANOBRA,15/01/2015 15:30:00,15/01/2015 15:30:00,,
PNG,SN Chuí,ABASTECIMENTO A. POTÁVEL,,,NÃO HOUVE IMPACTO EM MANOBRA,20/01/2015 02:25:00,20/01/2015 02:25:00,,
PNG,S/N Jauá,ABASTECIMENTO MGO,,,NÃO HOUVE IMPACTO EM MANOBRA,15/01/2015 14:00:00,15/01/2015 14:00:00,,
PNG,S/N Jauá,ABASTECIMENTO A. POTÁVEL,,,NÃO HOUVE IMPACTO EM MANOBRA,19/01/2015 18:55:00,19/01/2015 18:55:00,,
RGD,Abaís I,REPARO,,MANUTENÇÃO,AFRETAMENTO,20/02/2015 12:25:00,20/02/2015 13:25:00,,
RGD,Abaís I,ABASTECIMENTO,,ABASTECIMENTO DE MGO,NÃO HOUVE IMPACTO EM MANOBRA,13/02/2015 11:00:00,13/02/2015 11:00:00,,
RGD,S/N David,REPARO,,MANUTENÇÃO DO MCA,AFRETAMENTO,06/02/2015 08:40:00,06/02/2015 09:40:00,,
RGD,S/N David,REPARO,,MANUTENÇÃO DO MCA,AFRETAMENTO,06/02/2015 09:30:00,06/02/2015 10:30:00,,
RGD,S/N David,REPARO,,MANUTENÇÃO DO MCA,AFRETAMENTO,09/02/2015 13:15:00,09/02/2015 14:15:00,,
RGD,S/N David,REPARO,,MANUTENÇÃO DO MCA,AFRETAMENTO,10/02/2015 14:15:00,10/02/2015 15:15:00,,
RGD,S/N David,REPARO,,MANUTENÇÃO DO MCA,AFRETAMENTO,10/02/2015 18:55:00,10/02/2015 19:55:00,,
RGD,S/N David,ABASTECIMENTO,,ABASTECIMENTO DE MGO,NÃO HOUVE IMPACTO EM MANOBRA,19/02/2015 10:00:00,19/02/2015 10:00:00,,
PNG,SN Chuí,ABASTECIMENTO A. POTÁVEL,,,NÃO HOUVE IMPACTO EM MANOBRA,04/02/2015 11:50:00,04/02/2015 11:50:00,,
PNG,SN Chuí,DOCAGEM,,,AFRETAMENTO,22/02/2015 07:30:00,28/02/2015 00:00:00,,
PNG,S/N Jauá,ABASTECIMENTO A. POTÁVEL,,RECEBIMENTO DE COMBUSTIVEL - TRANSFERENCIA,NÃO HOUVE IMPACTO EM MANOBRA,04/02/2015 11:50:00,04/02/2015 11:50:00,,
SDR,Caburaí,ABASTECIMENTO,,SUBSTITUIÇÃO DO RELÉ TEMPORIZADO NO PAINEL COMPRESSOR BE,NÃO HOUVE IMPACTO EM MANOBRA,23/02/2015 00:00:00,23/02/2015 00:00:00,,
SDR,S/N Pirambu,REPARO,,INSTALAÇÃO DO RADAR FURUNO,NÃO HOUVE IMPACTO EM MANOBRA,05/02/2015 00:00:00,05/02/2015 00:00:00,,
SDR,Carajás,REPARO,,FORNECIMENTO DE COMBUSTIVEL - TRANSFERENCIA,NÃO HOUVE IMPACTO EM MANOBRA,02/02/2015 00:00:00,02/02/2015 00:00:00,,
SDR,Carajás,ABASTECIMENTO,,SUBSTITUIÇÃO DO CONTACTOR DE FORÇA NO PAINEL DO COMPRESSOR,NÃO HOUVE IMPACTO EM MANOBRA,23/02/2015 00:00:00,23/02/2015 00:00:00,,
SDR,Pituba,REPARO,,AJUSTE NA BOMBA INJETORA MCP BB,NÃO HOUVE IMPACTO EM MANOBRA,03/02/2015 00:00:00,03/02/2015 00:00:00,,
SDR,Pituba,REPARO,,AQUISIÇÃO DE COMBUSTIVEL,NÃO HOUVE IMPACTO EM MANOBRA,26/02/2015 00:00:00,26/02/2015 00:00:00,,
SDR,S/N Caeté,ABASTECIMENTO,,INSTALAÇÃO DA BOMBA HIDROFORA DE AGUA DOCE,NÃO HOUVE IMPACTO EM MANOBRA,21/02/2015 00:00:00,21/02/2015 00:00:00,,
SDR,Curitiba,REPARO,,,NÃO HOUVE IMPACTO EM MANOBRA,02/02/2015 00:00:00,02/02/2015 00:00:00,,
STR,SN Jatobá,REPARO,PREVENTIVO,AJUSTE DE VALVULAS,AFRETAMENTO,02/02/2015 13:00:00,02/02/2015 16:00:00,,
STR,SN Jatobá,REPARO,PREVENTIVO,MELHORIA / TROCA NAS BALROAS,AFRETAMENTO,13/02/2015 11:00:00,13/02/2015 15:40:00,,
STR,SN Jatobá,REPARO,CORRETIVO,REPARO NA TUBULAÇÃO QUE FUROU,NÃO HOUVE IMPACTO EM MANOBRA,19/02/2015 00:00:00,19/02/2015 00:00:00,,
STR,SN Jatobá,REPARO,CORRETIVO,REPARO NOS MANGOTES DA BOMBA HIDRAULICA,NÃO HOUVE IMPACTO EM MANOBRA,20/02/2015 00:00:00,20/02/2015 00:00:00,,
STR,SN Jatobá,REPARO,PREVENTIVO,TROCA DA VALVULA DO HRP,NÃO HOUVE IMPACTO EM MANOBRA,26/02/2015 00:00:00,26/02/2015 00:00:00,,
STR,Sauípe,REPARO,PREVENTIVO,LIMPEZA DA CAIXA MAR,NÃO HOUVE IMPACTO EM MANOBRA,20/02/2015 00:00:00,20/02/2015 00:00:00,,
STR,Sauípe,VISTORIA,,CERTIFICADORA ABS,NÃO HOUVE IMPACTO EM MANOBRA,24/02/2015 00:00:00,24/02/2015 00:00:00,,
VIT,S/N Aragipe,REPARO,,Troca da bateria do MCp de BE por uma nova,NÃO HOUVE IMPACTO EM MANOBRA,09/02/2015 13:00:00,09/02/2015 14:30:00,,
VIT,S/N Aragipe,REPARO,,Troca do sensor de gazes de descarga do MCP de BE.,NÃO HOUVE IMPACTO EM MANOBRA,13/02/2015 13:00:00,13/02/2015 14:45:00,,
VIT,S/N Aragipe,REPARO,,Troca do cabo principal do guincho de proa.,NÃO HOUVE IMPACTO EM MANOBRA,18/02/2015 15:30:00,18/02/2015 17:00:00,,
VIT,S/N Aragipe,REPARO,,"Reparação do motor de partida do MCA de BB, trocado porta escova e manutenção na bobina e bucha.",NÃO HOUVE IMPACTO EM MANOBRA,20/02/2015 08:00:00,20/02/2015 12:00:00,,
VIT,S/N Aragipe,REPARO,,Troca do encoder e alinhamento nas manetes de navegação.,NÃO HOUVE IMPACTO EM MANOBRA,22/02/2015 13:00:00,22/02/2015 16:00:00,,
VIT,S/N Aragipe,REPARO,,Troca do óleo da planetária no SRP de BE.,NÃO HOUVE IMPACTO EM MANOBRA,22/02/2015 08:00:00,22/02/2015 17:00:00,,
VIT,S/N Aragipe,REPARO,,Troca de duas válvulas danificadas do piano de válvula por duas novas.,NÃO HOUVE IMPACTO EM MANOBRA,25/02/2015 13:00:00,25/02/2015 15:10:00,,
VIT,SN Oiapoque,REPARO,,Troca da maçaneta e puxador da porta de acesso ao passadiço,NÃO HOUVE IMPACTO EM MANOBRA,04/02/2015 15:00:00,04/02/2015 16:10:00,,
VIT,SN Oiapoque,REPARO,,Reparação do alternador do MCA de BE.,NÃO HOUVE IMPACTO EM MANOBRA,05/02/2015 08:00:00,05/02/2015 10:00:00,,
VIT,SN Oiapoque,REPARO,,Reparação do Ar condicionado do refeitorio.,NÃO HOUVE IMPACTO EM MANOBRA,09/02/2015 10:00:00,09/02/2015 12:00:00,,
VIT,SN Oiapoque,REPARO,,"Repação do alternado do MCA de BE - trocado as peças rolamento,escova e regulador de tensão.",NÃO HOUVE IMPACTO EM MANOBRA,11/02/2015 08:00:00,11/02/2015 11:30:00,,
RJ1,Atalaia,ABASTECIMENTO,,9.000,NÃO HOUVE IMPACTO EM MANOBRA,02/02/2015 00:00:00,02/02/2015 00:00:00,,
RJ1,Atalaia,ABASTECIMENTO,,9.000,NÃO HOUVE IMPACTO EM MANOBRA,10/02/2015 00:00:00,10/02/2015 00:00:00,,
RJ1,Atalaia,ABASTECIMENTO,,9.000,NÃO HOUVE IMPACTO EM MANOBRA,20/02/2015 00:00:00,20/02/2015 00:00:00,,
RJ1,Atalaia,ABASTECIMENTO,,9.000,NÃO HOUVE IMPACTO EM MANOBRA,25/02/2015 00:00:00,25/02/2015 00:00:00,,
RJ1,Atalaia,REPARO,,PROBLEMA NO LEME BB,NÃO HOUVE IMPACTO EM MANOBRA,25/02/2015 19:00:00,26/02/2015 23:00:00,,
RJ1,S/N Araruama,ABASTECIMENTO,,9.000 água potável,NÃO HOUVE IMPACTO EM MANOBRA,02/02/2015 00:00:00,02/02/2015 00:00:00,,
RJ1,S/N Araruama,ABASTECIMENTO,,9.000 água potável,NÃO HOUVE IMPACTO EM MANOBRA,05/02/2015 00:00:00,05/02/2015 00:00:00,,
RJ1,S/N Araruama,ABASTECIMENTO,,10.000 transferencia de óleo,NÃO HOUVE IMPACTO EM MANOBRA,05/02/2015 00:00:00,05/02/2015 00:00:00,,
RJ1,S/N Araruama,ABASTECIMENTO,,9.000 água potável,NÃO HOUVE IMPACTO EM MANOBRA,12/02/2015 00:00:00,12/02/2015 00:00:00,,
RJ1,S/N Araruama,ABASTECIMENTO,,9.000 água potável,NÃO HOUVE IMPACTO EM MANOBRA,20/02/2015 00:00:00,20/02/2015 00:00:00,,
RJ1,Mossoró,ABASTECIMENTO,,18.000 água potável,NÃO HOUVE IMPACTO EM MANOBRA,04/02/2015 00:00:00,04/02/2015 00:00:00,,
RJ1,Mossoró,ABASTECIMENTO,,10.000 de óleo diesel,NÃO HOUVE IMPACTO EM MANOBRA,04/02/2015 00:00:00,04/02/2015 00:00:00,,
RJ1,Mossoró,ABASTECIMENTO,,9.000 água potável,NÃO HOUVE IMPACTO EM MANOBRA,11/02/2015 00:00:00,11/02/2015 00:00:00,,
RJ1,Mossoró,ABASTECIMENTO,,9.000 água potável,NÃO HOUVE IMPACTO EM MANOBRA,25/02/2015 00:00:00,25/02/2015 00:00:00,,
SEP,S/N Guarapari,REPARO,,AQUECIMENTO NO MCP BB,NÃO HOUVE IMPACTO EM MANOBRA,03/02/2015 00:00:00,03/02/2015 00:00:00,,
SEP,S/N Guarapari,REPARO,,TROCA DA VÁLVULA TERMOSTÁTICA MCP BB,NÃO HOUVE IMPACTO EM MANOBRA,04/02/2015 00:00:00,04/02/2015 00:00:00,,
SEP,S/N Guarapari,ABASTECIMENTO,,AGUA POTEVEL - 9000,NÃO HOUVE IMPACTO EM MANOBRA,07/02/2015 00:00:00,07/02/2015 00:00:00,,
SEP,S/N Guarapari,REPARO,,TROCA DE ROLAMENTO MANCAL 03 LINHA DE EIXO MCP BE,AFRETAMENTO,09/02/2015 21:00:00,11/02/2015 21:00:00,,
SEP,S/N Guarapari,INSPEÇÃO,,DISPONÍVEL PARA VISTORIA SEGURADORA,AFRETAMENTO,13/02/2015 08:00:00,13/02/2015 11:00:00,,
SEP,S/N Abrolhos,ABASTECIMENTO,,RECEBIMENTO DE 60.000L MGO,AFRETAMENTO,13/02/2015 13:40:00,13/02/2015 17:15:00,,
SEP,S/N Abrolhos,ABASTECIMENTO,,RECEBIMENTO ÁGUA POTÁVEL,NÃO HOUVE IMPACTO EM MANOBRA,19/02/2015 00:00:00,19/02/2015 00:00:00,,
MAC,Pirajá,REPARO,,SUSPIROS MAQUINA DO LEME,NÃO HOUVE IMPACTO EM MANOBRA,05/02/2015 00:00:00,05/02/2015 00:00:00,,
MAC,Pirajá,REPARO,,QUADRO ELETRÍCO MCP-BB,NÃO HOUVE IMPACTO EM MANOBRA,10/02/2015 00:00:00,10/02/2015 00:00:00,,
MAC,Pirajá,REPARO,,REGULADOR DE VOLTAGEM DO ALTERNADOR MCP-CE,NÃO HOUVE IMPACTO EM MANOBRA,10/02/2015 00:00:00,10/02/2015 00:00:00,,
MAC,Pirajá,REPARO,,DOBRADIÇAS PORTA ESTANQUE BB,NÃO HOUVE IMPACTO EM MANOBRA,12/02/2015 00:00:00,12/02/2015 00:00:00,,
MAC,Pirajá,REPARO,,DOBRADIÇAS PORTA ESTANQUE BE,NÃO HOUVE IMPACTO EM MANOBRA,23/02/2015 00:00:00,23/02/2015 00:00:00,,
MAC,Pirajá,REPARO,,FONTE ESTABILIZADORA DOS RADIOS,NÃO HOUVE IMPACTO EM MANOBRA,24/02/2015 00:00:00,24/02/2015 00:00:00,,
MAC,Pirajá,REPARO,,MANOMENTRO DA REVERSORA DO MCP-BR,NÃO HOUVE IMPACTO EM MANOBRA,25/02/2015 00:00:00,25/02/2015 00:00:00,,
RGD,S/N David,VISTORIA,,VISTORIA ABS,NÃO HOUVE IMPACTO EM MANOBRA,04/03/2015 00:00:00,04/03/2015 00:00:00,,fev
RGD,S/N David,ABASTECIMENTO,,ABASTECIMENTO DE 15.000 l de MGO,NÃO HOUVE IMPACTO EM MANOBRA,19/02/2015 00:00:00,19/02/2015 00:00:00,,fev
RGD,S/N David,REPARO,,TROCA DA CORREIA DO SCHOTTEL,NÃO HOUVE IMPACTO EM MANOBRA,20/03/2015 14:00:00,20/03/2015 16:00:00,,
RGD,S/N David,REPARO,,TROCA DA CORREIA DO SCHOTTEL,NÃO HOUVE IMPACTO EM MANOBRA,22/03/2015 15:00:00,22/03/2015 18:00:00,,
RGD,S/N David,ABASTECIMENTO,,ABASTECIMENTO DE 15.010 L DE MGO,NÃO HOUVE IMPACTO EM MANOBRA,25/03/2015 00:00:00,25/03/2015 00:00:00,,mar
RGD,Abaís I,ABASTECIMENTO,,ABASTECIMENTO 15.000 MGO,NÃO HOUVE IMPACTO EM MANOBRA,05/03/2015 00:00:00,05/03/2015 00:00:00,,mar
RGD,Abaís I,ABASTECIMENTO,,ABASTECIMENTO 10.000 MGO,NÃO HOUVE IMPACTO EM MANOBRA,25/03/2015 00:00:00,25/03/2015 00:00:00,,mar
MAC,Pirajá,REPARO,,TRECHOS DA BORDA DA POPA BE,NÃO HOUVE IMPACTO EM MANOBRA,04/03/2015 00:00:00,04/03/2015 00:00:00,,
MAC,Pirajá,REPARO,,TRECHOS DA BORDA DA POPA BB,NÃO HOUVE IMPACTO EM MANOBRA,05/03/2015 00:00:00,05/03/2015 00:00:00,,
MAC,Pirajá,REPARO,,ALTERNADOR MCP-CE,NÃO HOUVE IMPACTO EM MANOBRA,06/03/2015 00:00:00,06/03/2015 00:00:00,,
MAC,Pirajá,REPARO,,CHAPARIA DO REIFEITORIO,NÃO HOUVE IMPACTO EM MANOBRA,10/03/2015 00:00:00,10/03/2015 00:00:00,,
MAC,Pirajá,REPARO,,CHAPARIA DO BANHEIRO,NÃO HOUVE IMPACTO EM MANOBRA,11/03/2015 00:00:00,11/03/2015 00:00:00,,
MAC,Pirajá,REPARO,,BASE DA BOMBA REF. MCA-BE,NÃO HOUVE IMPACTO EM MANOBRA,12/03/2015 00:00:00,12/03/2015 00:00:00,,
MAC,Pirajá,REPARO,,REGULADOR DE TENSÃO DO ALTERNADOR MCP,NÃO HOUVE IMPACTO EM MANOBRA,13/03/2015 00:00:00,13/03/2015 00:00:00,,
MAC,Pirajá,REPARO,,CONFECÇÃO SUSPIRO DO PAIOL DO MESTRE BE,NÃO HOUVE IMPACTO EM MANOBRA,16/03/2015 00:00:00,16/03/2015 00:00:00,,
MAC,Pirajá,REPARO,,VAZAMENTO NO TANQUE DE AGUA DE BB,NÃO HOUVE IMPACTO EM MANOBRA,17/03/2015 00:00:00,17/03/2015 00:00:00,,
MAC,Pirajá,REPARO,,ALARME DE ALAGAMENTO DE PRAÇA DE MAUQINAS,NÃO HOUVE IMPACTO EM MANOBRA,23/03/2015 00:00:00,23/03/2015 00:00:00,,
MAC,Pirajá,REPARO,,FONTE CENTRAL TELEFONICA,NÃO HOUVE IMPACTO EM MANOBRA,24/03/2015 00:00:00,24/03/2015 00:00:00,,
MAC,Pirajá,REPARO,,LUMINÁRIA DO CONVES SUPERIOR,NÃO HOUVE IMPACTO EM MANOBRA,25/03/2015 00:00:00,25/03/2015 00:00:00,,
PNG,SN Chuí,ABASTECIMENTO MGO,,,NÃO HOUVE IMPACTO EM MANOBRA,12/03/2015 17:00:00,12/03/2015 17:00:00,,
PNG,SN Chuí,REPARO,,,AFRETAMENTO,18/03/2015 10:20:00,18/03/2015 14:00:00,,
PNG,S/N Jauá,ABASTECIMENTO MGO,,,NÃO HOUVE IMPACTO EM MANOBRA,12/03/2015 17:00:00,12/03/2015 17:00:00,,
SDR,Caburaí,ABASTECIMENTO,,RECEBIMENTO DE COMBUSTIVEL - TRANSFERENCIA,NÃO HOUVE IMPACTO EM MANOBRA,05/03/2015 00:00:00,05/03/2015 00:00:00,,mar
SDR,Caburaí,ABASTECIMENTO,,FORNECIMENTO DE COMBUSTIVEL - TRANSFERENCIA,NÃO HOUVE IMPACTO EM MANOBRA,13/03/2015 00:00:00,13/03/2015 00:00:00,,mar
SDR,S/N Pirambu,ABASTECIMENTO,,AQUISIÇÃO DE COMBUSTÍVEL,NÃO HOUVE IMPACTO EM MANOBRA,17/03/2015 00:00:00,17/03/2015 00:00:00,,
SDR,S/N Pirambu,REPARO,,TROCA DE OLEO DOS MCPS,NÃO HOUVE IMPACTO EM MANOBRA,18/03/2015 00:00:00,18/03/2015 00:00:00,,
SDR,S/N Pirambu,REPARO,,MANUTENÇÃO DO ACOPLAMENTO DE MCP,NÃO HOUVE IMPACTO EM MANOBRA,19/03/2015 00:00:00,19/03/2015 00:00:00,,
SDR,Carajás,ABASTECIMENTO,,RECEBIMENTO DE COMBUSTIVEL - TRANSFERENCIA,NÃO HOUVE IMPACTO EM MANOBRA,13/03/2015 00:00:00,13/03/2015 00:00:00,,
SDR,Carajás,ABASTECIMENTO,,AQUISIÇÃO DE COMBUSTÍVEL,NÃO HOUVE IMPACTO EM MANOBRA,14/03/2015 00:00:00,14/03/2015 00:00:00,,
SDR,Carajás,DOCAGEM,,DOCAGEM BASE NAVAL DE ARATU,NÃO HOUVE IMPACTO EM MANOBRA,14/03/2015 00:00:00,14/03/2015 00:00:00,,
SDR,Carajás,REPARO,,MANUTENÇÃO - PERDA SINAL DE GIRO DO SCHOTTEL BB - TROCA DE DISJUNTOR,NÃO HOUVE IMPACTO EM MANOBRA,21/03/2015 00:00:00,21/03/2015 00:00:00,,
STR,SN Maraú,REPARO,PREVENTIVO,TROCA DE OLEO MCPS,NÃO HOUVE IMPACTO EM MANOBRA,11/03/2015 00:00:00,11/03/2015 00:00:00,,
STR,SN Maraú,REPARO,CORRETIVO,CHAVE DE PARTIDA DO MCP BE,NÃO HOUVE IMPACTO EM MANOBRA,13/03/2015 00:00:00,13/03/2015 00:00:00,,
STR,SN Maraú,ABASTECIMENTO,,,NÃO HOUVE IMPACTO EM MANOBRA,25/03/2015 00:00:00,25/03/2015 00:00:00,,
STR,SN Jatobá,REPARO,CORRETIVO,REPARO NA PLANETARIA DE BE E NOS DISCOS DA EMBREAGEM,AFRETAMENTO,15/03/2015 13:00:00,15/03/2015 19:20:00,,
STR,SN Jatobá,ABASTECIMENTO,,,NÃO HOUVE IMPACTO EM MANOBRA,25/03/2015 00:00:00,25/03/2015 00:00:00,,
STR,Sauípe,REPARO,PREVENTIVO,MANUTENÇÃO TUBULAÇÃO ESCAPE,NÃO HOUVE IMPACTO EM MANOBRA,11/03/2015 00:00:00,11/03/2015 00:00:00,,
STR,Sauípe,ABASTECIMENTO,,,NÃO HOUVE IMPACTO EM MANOBRA,25/03/2015 00:00:00,25/03/2015 00:00:00,,
STR,Sauípe,REPARO,CORRETIVO,VAZAMENTO DA TUBULAÇÃO,NÃO HOUVE IMPACTO EM MANOBRA,26/03/2015 09:10:00,26/03/2015 13:40:00,,mar
VIT,S/N Aragipe,REPARO,,Troca dos filtros RACOR BB e BE,NÃO HOUVE IMPACTO EM MANOBRA,05/03/2015 08:00:00,05/03/2015 10:00:00,,
VIT,S/N Aragipe,REPARO,,Recuperação da caixa de tomada de incendio e instalação no seu devido lugar.,NÃO HOUVE IMPACTO EM MANOBRA,06/03/2015 13:00:00,06/03/2015 15:40:00,,
VIT,S/N Aragipe,REPARO,,Reparação Bomba de transferencia diesel ( troca de juntas das valvulas do piano de óleo diesel),NÃO HOUVE IMPACTO EM MANOBRA,09/03/2015 09:00:00,09/03/2015 12:00:00,,
VIT,S/N Aragipe,REPARO,,Limpeza suspiro do carter do MCP de BB.,NÃO HOUVE IMPACTO EM MANOBRA,18/03/2015 08:00:00,18/03/2015 08:35:00,,
VIT,S/N Aragipe,REPARO,,Trocar o filtro de combustivel do MCP de BB.,NÃO HOUVE IMPACTO EM MANOBRA,18/03/2015 08:40:00,18/03/2015 09:20:00,,
VIT,S/N Aragipe,REPARO,,Limpeza do aftercooler do MCP de BB.,NÃO HOUVE IMPACTO EM MANOBRA,18/03/2015 11:00:00,18/03/2015 13:50:00,,
VIT,S/N Aragipe,REPARO,,Regular válvulas de admissão e descarga.,NÃO HOUVE IMPACTO EM MANOBRA,18/03/2015 14:00:00,18/03/2015 16:56:00,,
VIT,S/N Aragipe,REPARO,,"Troca de óleo lubrificante, filtro lubrificante e do óleo diesel do MCA BB",NÃO HOUVE IMPACTO EM MANOBRA,20/03/2015 08:00:00,20/03/2015 10:00:00,,
VIT,S/N Aragipe,REPARO,,Substituição do rele termostástico do freezer da cozinha,NÃO HOUVE IMPACTO EM MANOBRA,30/03/2015 08:00:00,30/03/2015 12:00:00,,
VIT,SN Oiapoque,REPARO,,Limpeza do resfriador da unidade hidraulilca de BB e BE do Schottel.,NÃO HOUVE IMPACTO EM MANOBRA,06/03/2015 08:00:00,06/03/2015 12:00:00,,
VIT,SN Oiapoque,REPARO,,Preparação e instalação de mangotes para purificação do óleo do SRP de BE.,NÃO HOUVE IMPACTO EM MANOBRA,10/03/2015 13:00:00,10/03/2015 17:00:00,,
VIT,SN Oiapoque,REPARO,,Troca de óleo do motor da planetária do SRP de BE,NÃO HOUVE IMPACTO EM MANOBRA,11/03/2015 13:00:00,11/03/2015 16:00:00,,
VIT,SN Oiapoque,REPARO,,Troca de óleo do motor da planetária do SRP de BB,NÃO HOUVE IMPACTO EM MANOBRA,11/03/2015 08:00:00,11/03/2015 11:00:00,,
VIT,SN Oiapoque,REPARO,,Retirada de óleo queimado do tanque de borra e do residuo oleoso da dala na praça de maquinas,NÃO HOUVE IMPACTO EM MANOBRA,12/03/2015 08:00:00,12/03/2015 12:00:00,,
VIT,SN Oiapoque,REPARO,,Troca da paleta do limpador,NÃO HOUVE IMPACTO EM MANOBRA,19/03/2015 08:00:00,19/03/2015 13:00:00,,
RJ1,ATALAIA,ABASTECIMENTO,,9.000 LTS DE AGUA,NÃO HOUVE IMPACTO EM MANOBRA,02/03/2015 00:00:00,02/03/2015 00:00:00,,
RJ1,ATALAIA,ABASTECIMENTO,,9.000 LTS DE AGUA,NÃO HOUVE IMPACTO EM MANOBRA,11/03/2015 00:00:00,11/03/2015 00:00:00,,
RJ1,ATALAIA,ABASTECIMENTO,,TRANSF. DE 4.000 LTS DE OLEO P/ O MOSSORO,NÃO HOUVE IMPACTO EM MANOBRA,22/03/2015 00:00:00,22/03/2015 00:00:00,,
RJ1,ATALAIA,ABASTECIMENTO,,TRANSF. 7.000 LTS DE OLEO P/ O MOSSORO,NÃO HOUVE IMPACTO EM MANOBRA,24/03/2015 00:00:00,24/03/2015 00:00:00,,
RJ1,ATALAIA,ABASTECIMENTO,,RECEBIMENTO DE 40.000 LTS DE OLEO,NÃO HOUVE IMPACTO EM MANOBRA,24/03/2015 00:00:00,24/03/2015 00:00:00,,
RJ1,ATALAIA,ABASTECIMENTO,,9.000 LTS DE AGUA,NÃO HOUVE IMPACTO EM MANOBRA,25/03/2015 00:00:00,25/03/2015 00:00:00,,
RJ1,ATALAIA,ABASTECIMENTO,,9.000 LTS DE AGUA,NÃO HOUVE IMPACTO EM MANOBRA,30/03/2015 00:00:00,30/03/2015 00:00:00,,
RJ1,S/N Araruama,ABASTECIMENTO,,9.000 LTS AGUA,NÃO HOUVE IMPACTO EM MANOBRA,02/03/2015 00:00:00,02/03/2015 00:00:00,,
RJ1,S/N Araruama,ABASTECIMENTO,,9.000 LTS AGUA,NÃO HOUVE IMPACTO EM MANOBRA,11/03/2015 00:00:00,11/03/2015 00:00:00,,
RJ1,S/N Araruama,ABASTECIMENTO,,9.000 LTS AGUA,NÃO HOUVE IMPACTO EM MANOBRA,18/03/2015 00:00:00,18/03/2015 00:00:00,,
RJ1,S/N Araruama,ABASTECIMENTO,,9.000 LTS AGUA,NÃO HOUVE IMPACTO EM MANOBRA,27/03/2015 00:00:00,27/03/2015 00:00:00,,
RJ1,Mossoró,ABASTECIMENTO,,9.000 LTS DE AGUA,NÃO HOUVE IMPACTO EM MANOBRA,02/03/2015 00:00:00,02/03/2015 00:00:00,,
RJ1,Mossoró,ABASTECIMENTO,,9.000 LTS DE AGUA,NÃO HOUVE IMPACTO EM MANOBRA,11/03/2015 00:00:00,11/03/2015 00:00:00,,
RJ1,Mossoró,ABASTECIMENTO,,18.000 LTS AGUA,NÃO HOUVE IMPACTO EM MANOBRA,18/03/2015 00:00:00,18/03/2015 00:00:00,,
RJ1,Mossoró,ABASTECIMENTO,,4.000 LTS OLEO DIESEL,NÃO HOUVE IMPACTO EM MANOBRA,20/03/2015 00:00:00,20/03/2015 00:00:00,,
RJ1,Mossoró,ABASTECIMENTO,,7.000 LTS OLEO DIESEL,NÃO HOUVE IMPACTO EM MANOBRA,23/03/2015 00:00:00,23/03/2015 00:00:00,,
RJ1,Mossoró,ABASTECIMENTO,,9.000 LTS DE AGUA,NÃO HOUVE IMPACTO EM MANOBRA,27/03/2015 00:00:00,27/03/2015 00:00:00,,
SEP,S/N Guarapari,ABASTECIMENTO,,60.000 LTS OLEO,,09/03/2015 00:00:00,09/03/2015 00:00:00,,
SEP,S/N Abrolhos,ABASTECIMENTO,,40.000 LTS DE AGUA,NÃO HOUVE IMPACTO EM MANOBRA,25/03/2015 00:00:00,25/03/2015 00:00:00,,
SEP,S/N Abrolhos,REPARO,,PROBLEMA NO MANCAL Nº 3,PERDA DE MANOBRA,27/03/2015 18:00:00,28/03/2015 20:00:00,,
RGD,Abaís I,REPARO,,CORRETIVA - BOMBA DE CIRCULAÇÃO DE ÁGUA DO AFTERCOOLER (MCP BE),AFRETAMENTO,05/04/2015 22:00:00,08/04/2015 21:00:00,,
SDR,Caburaí,REPARO,,REPARO NO SOPRADOR DO MCP,AFRETAMENTO,01/04/2015 00:00:00,30/04/2015 00:00:00,,
SDR,Caburaí,REPARO,,SUBSTITUIÇÃO DE TRECHO DA REDE DE REFRIGERAÇÃO DE ÁGUA SALGADA DO TROCADOR MCP BE,AFRETAMENTO,05/04/2015 00:00:00,05/04/2015 00:00:00,,
SDR,S/N Pirambu,REPARO,,INSTALAÇÃO DA BOMBA HIDROFORA DE AGUA DOCE,NÃO HOUVE IMPACTO EM MANOBRA,05/04/2015 00:00:00,05/04/2015 00:00:00,,
SDR,S/N Pirambu,REPARO,,CALIBRAÇÃO DOS CILINDROS MCP,NÃO HOUVE IMPACTO EM MANOBRA,13/04/2015 00:00:00,13/04/2015 00:00:00,,
SDR,S/N Pirambu,INSPEÇÃO,,VERIFICAÇÃO DE RUÍDO ANORMAL NO MCP BE,NÃO HOUVE IMPACTO EM MANOBRA,15/04/2015 00:00:00,15/04/2015 00:00:00,,
SDR,Carajás,REPARO,,REPARO DA VARANDA DO CONVÉS DO PASSADIÇO A BB.,NÃO HOUVE IMPACTO EM MANOBRA,05/04/2015 00:00:00,05/04/2015 00:00:00,,
SDR,Carajás,REPARO,,SUBSTITUIÃO DA BOMBA D'ÁGUA DO MCA-BB,NÃO HOUVE IMPACTO EM MANOBRA,05/04/2015 00:00:00,05/04/2015 00:00:00,,
SDR,Carajás,REPARO,,REPOSIÇAO DO RESFRIADOS DE AGUA DOCE DO MCA BB,NÃO HOUVE IMPACTO EM MANOBRA,29/04/2015 00:00:00,29/04/2015 00:00:00,,
SDR,Carajás,ABASTECIMENTO,,ABASTECIMENTO MGO,NÃO HOUVE IMPACTO EM MANOBRA,28/04/2015 00:00:00,28/04/2015 00:00:00,,
SDR,Pituba,ABASTECIMENTO,,SUBSTITUIÇÃO DA CAMARA DE COMBUSTÃO 2 CABEÇOTE BANCADA (B) MCP CE,NÃO HOUVE IMPACTO EM MANOBRA,01/04/2015 00:00:00,01/04/2015 00:00:00,,
SDR,Pituba,REPARO,,SUBSTITUIÇÃO DA JUNTA DO CABEÇOTE 2 BANCADA (B) MCP CE,NÃO HOUVE IMPACTO EM MANOBRA,02/04/2015 00:00:00,02/04/2015 00:00:00,,
SDR,Pituba,REPARO,,SUBSTITUIÇÃO DA JUNTA DE VEDAÇÃO DA TURBINA E COLETOR DE ESCAPE MCP BE,NÃO HOUVE IMPACTO EM MANOBRA,03/04/2015 00:00:00,03/04/2015 00:00:00,,
SDR,Pituba,REPARO,,RECUPERAÇÃO DA CALHA DA PORTA ESTANQUE DA SAÍDA DE EMERGENCIA DA PRAÇA DE MÁQUINAS,NÃO HOUVE IMPACTO EM MANOBRA,05/04/2015 00:00:00,05/04/2015 00:00:00,,
SDR,Pituba,REPARO,,RECUPERAÇÃO DE DUAS VÁLVULAS DE 2'' DA REDE DAS BOMBAS DE S.GERAIS E INCÊNDIO,NÃO HOUVE IMPACTO EM MANOBRA,05/04/2015 00:00:00,05/04/2015 00:00:00,,
SDR,Pituba,REPARO,,RECUPERAÇÃO NAS CAIXAS DE CONTEÇÃO DOS SUSOPIROS DOS TQ. DE O. DIESEL,NÃO HOUVE IMPACTO EM MANOBRA,05/04/2015 00:00:00,05/04/2015 00:00:00,,
SDR,Pituba,REPARO,,RETIRADO CURTO CIRCUITO NA ILUMINAÇÃO DA PRAÇA DE MAQUINA,NÃO HOUVE IMPACTO EM MANOBRA,05/04/2015 00:00:00,05/04/2015 00:00:00,,
SDR,Pituba,REPARO,,FABRICAÇÃO E INSTALAÇÃO DE PROTEÇÕES DOS ACOPLAMENTOS DAS BOMBAS DE HIDROFOR E TRANFERENÇA DE COMBUSTIVEL,NÃO HOUVE IMPACTO EM MANOBRA,05/04/2015 00:00:00,05/04/2015 00:00:00,,
SDR,Pituba,REPARO,,REVISÃO NA BOMBA DE SERVIÇOS GERAIS,NÃO HOUVE IMPACTO EM MANOBRA,05/04/2015 00:00:00,05/04/2015 00:00:00,,
SDR,Pituba,REPARO,,SUBSTITUIDO LAMPADAS NOS REFLETORES BB/BE A RÉ E VANTE,NÃO HOUVE IMPACTO EM MANOBRA,05/04/2015 00:00:00,05/04/2015 00:00:00,,
SDR,Pituba,REPARO,,SUBSTITUIÇÃO DO MANCAL DA MÁQUINA DO FERRO.,NÃO HOUVE IMPACTO EM MANOBRA,05/04/2015 00:00:00,05/04/2015 00:00:00,,
SDR,Pituba,REPARO,,REPARO DA BOMBA DE EMERGENCIA N2,NÃO HOUVE IMPACTO EM MANOBRA,06/04/2015 00:00:00,06/04/2015 00:00:00,,
SDR,Pituba,REPARO,,REPARO DAS VALVULAS DA BOMBA DE EMERGENCIA N2,NÃO HOUVE IMPACTO EM MANOBRA,07/04/2015 00:00:00,07/04/2015 00:00:00,,
SDR,Pituba,REPARO,,ABASTECIMENTO MGO,NÃO HOUVE IMPACTO EM MANOBRA,13/04/2015 00:00:00,13/04/2015 00:00:00,,
SDR,S/N Caeté,REPARO,,SUBSTITUIÇÃO DOS MOTORES DE PARTIDA MCP BB,NÃO HOUVE IMPACTO EM MANOBRA,05/04/2015 00:00:00,05/04/2015 00:00:00,,
SDR,S/N Caeté,REPARO,,INSTALAÇÃO DA BOMBA HIDROFORA DE AGUA DOCE,NÃO HOUVE IMPACTO EM MANOBRA,05/04/2015 00:00:00,05/04/2015 00:00:00,,
STR,SN Jatobá,REPARO,PREVENTIVO,TROCA DOS DISCOS DE EMBREAGEM,NÃO HOUVE IMPACTO EM MANOBRA,30/04/2015 00:00:00,30/04/2015 00:00:00,,
STR,Sauípe,REPARO,CORRETIVO,FALHA NO GIRO DO SRP/BE,AFRETAMENTO,22/04/2015 15:45:00,23/04/2015 09:40:00,,
VIT,S/N Aragipe,REPARO,,Retirado vazamento de óleo hidraulico da bomba de governo do SRP de BB.,NÃO HOUVE IMPACTO EM MANOBRA,06/04/2015 08:00:00,06/04/2015 11:00:00,,
VIT,S/N Aragipe,ABASTECIMENTO,,Abastecimento de 20.000 Lts de MGO.,NÃO HOUVE IMPACTO EM MANOBRA,07/04/2015 16:25:00,07/04/2015 17:15:00,,
VIT,S/N Aragipe,REPARO,,Regulagem da lona de freio do guincho de proa.,NÃO HOUVE IMPACTO EM MANOBRA,08/04/2015 13:00:00,08/04/2015 15:00:00,,
VIT,S/N Aragipe,REPARO,,Troca da embreagem do SRP de BB e do anel de vedação do SRP de BB.,NÃO HOUVE IMPACTO EM MANOBRA,09/04/2015 08:00:00,09/04/2015 16:00:00,,
VIT,S/N Aragipe,REPARO,,Desmontagem do conjunto de freio do guinho de proa.,NÃO HOUVE IMPACTO EM MANOBRA,14/04/2015 08:00:00,14/04/2015 12:00:00,,
VIT,S/N Aragipe,REPARO,,Colocado carga de gás no ar condicionado do refeitorio,NÃO HOUVE IMPACTO EM MANOBRA,20/04/2015 08:00:00,20/04/2015 10:00:00,,
VIT,S/N Aragipe,REPARO,,Montagem de todo conjunto da cinta de freio.,NÃO HOUVE IMPACTO EM MANOBRA,22/04/2015 08:00:00,22/04/2015 16:00:00,,
VIT,S/N Aragipe,REPARO,,Preparação de um suporte na cinta de freio do guincho de proa.,NÃO HOUVE IMPACTO EM MANOBRA,23/04/2015 08:00:00,23/04/2015 12:00:00,,
VIT,S/N Aragipe,ABASTECIMENTO,,Abastecimento de 20.000 Lts de MGO.,NÃO HOUVE IMPACTO EM MANOBRA,23/04/2015 15:50:00,23/04/2015 17:20:00,,
VIT,S/N Aragipe,REPARO,,Colocação de fieis nas tampas de tomadas de incêndio.,NÃO HOUVE IMPACTO EM MANOBRA,24/04/2015 08:00:00,24/04/2015 10:00:00,,
VIT,SN Oiapoque,REPARO,,Troca de óleo lubrificante 1.200 Lts do SRP de BE.,NÃO HOUVE IMPACTO EM MANOBRA,06/04/2015 08:00:00,06/04/2015 12:00:00,,
VIT,SN Oiapoque,ABASTECIMENTO,,Abastecimento de 20.000 Lts de MGO.,NÃO HOUVE IMPACTO EM MANOBRA,09/04/2015 16:00:00,09/04/2015 17:30:00,,
VIT,SN Oiapoque,REPARO,,Desobstrução do suspiro da caixa de mar da bomba de serviços gerais.,NÃO HOUVE IMPACTO EM MANOBRA,10/04/2015 08:00:00,10/04/2015 12:00:00,,
VIT,SN Oiapoque,REPARO,,"Troca da graxa,guarda copo do mancal quatro da linha de eixo de BE.",NÃO HOUVE IMPACTO EM MANOBRA,15/04/2015 08:00:00,15/04/2015 10:00:00,,
VIT,SN Oiapoque,REPARO,,Colocação de fieis nas tampas de tomadas de incêndio.,NÃO HOUVE IMPACTO EM MANOBRA,24/04/2015 10:00:00,24/04/2015 12:00:00,,
VIT,SN Oiapoque,ABASTECIMENTO,,Abastecimento de 20.000 Lts de MGO.,NÃO HOUVE IMPACTO EM MANOBRA,27/04/2015 09:00:00,27/04/2015 11:30:00,,
PNG,S/N Jauá,ABASTECIMENTO A. POTÁVEL,,,NÃO HOUVE IMPACTO EM MANOBRA,05/04/2015 00:00:00,05/04/2015 00:00:00,,
PNG,S/N Jauá,ABASTECIMENTO A. POTÁVEL,,,NÃO HOUVE IMPACTO EM MANOBRA,05/04/2015 00:00:00,05/04/2015 00:00:00,,
PNG,SN Chuí,ABASTECIMENTO A. POTÁVEL,,,NÃO HOUVE IMPACTO EM MANOBRA,07/05/2015 00:00:00,07/05/2015 00:00:00,,
PNG,SN Chuí,ABASTECIMENTO A. POTÁVEL,,,NÃO HOUVE IMPACTO EM MANOBRA,17/05/2015 00:00:00,17/05/2015 00:00:00,,
RJ1,S/N Araruama,REPARO,,TROCA CAREGADOR DAS BATERIAS DE EMERGENCIA,NÃO HOUVE IMPACTO EM MANOBRA,02/04/2015 10:00:00,02/04/2015 12:00:00,,
RJ1,S/N Araruama,ABASTECIMENTO,,9.000 LTS DE AGUA,NÃO HOUVE IMPACTO EM MANOBRA,10/04/2015 00:00:00,10/04/2015 00:00:00,,
RJ1,S/N Araruama,REPARO,,REPARO TAMPA SAIDA EMERGENCIA PÇA MAQUINA PAIOL PROA,NÃO HOUVE IMPACTO EM MANOBRA,10/04/2015 08:00:00,10/04/2015 11:00:00,,
RJ1,S/N Araruama,REPARO,,FONOCLAMA E NA CENTRAL TELEFONICA,NÃO HOUVE IMPACTO EM MANOBRA,14/04/2015 09:00:00,14/04/2015 14:00:00,,
RJ1,S/N Araruama,REPARO,,TROCA DA CENTRAL DOS DETECOTRES DE FUMAÇA E SUBST. REDE DE DRENO SAIDA EMERGENCIA,NÃO HOUVE IMPACTO EM MANOBRA,15/04/2015 08:30:00,15/04/2015 12:00:00,,
RJ1,S/N Araruama,ABASTECIMENTO,,RECEBENDO DO ARARUAMA 12.000 LTS OLEO,NÃO HOUVE IMPACTO EM MANOBRA,21/04/2015 00:00:00,21/04/2015 00:00:00,,
RJ1,Atalaia,MERGULHO,,TUBULÃO DE BB,NÃO HOUVE IMPACTO EM MANOBRA,15/04/2015 09:40:00,16/04/2015 06:00:00,,
RJ1,Atalaia,ABASTECIMENTO,,9.000 LTS DE AGUA,NÃO HOUVE IMPACTO EM MANOBRA,16/04/2015 00:00:00,16/04/2015 00:00:00,,
RJ1,Atalaia,ABASTECIMENTO,,18.000 LTS DE AGUA,NÃO HOUVE IMPACTO EM MANOBRA,29/04/2015 00:00:00,29/04/2015 00:00:00,,
RJ1,Atalaia,REPARO,,REPARO NO GATO,NÃO HOUVE IMPACTO EM MANOBRA,30/04/2015 14:30:00,30/04/2015 16:55:00,,
RJ1,Mossoró,ABASTECIMENTO,,9.000 LTS DE AGUA,NÃO HOUVE IMPACTO EM MANOBRA,09/04/2015 00:00:00,09/04/2015 00:00:00,,
RJ1,Mossoró,REPARO,,TROCA PRESSOSTATOS DAS CXS REVERSORAS MCPS,NÃO HOUVE IMPACTO EM MANOBRA,13/04/2015 11:20:00,13/04/2015 16:30:00,,
RJ1,Mossoró,REPARO,,REGULANDO CABO DE ACOPLAMENTO DO MCP BB,NÃO HOUVE IMPACTO EM MANOBRA,17/04/2015 10:00:00,17/04/2015 12:00:00,,
RJ1,Mossoró,ABASTECIMENTO,,12.000 DE OLEO DO ARARUAMA,NÃO HOUVE IMPACTO EM MANOBRA,21/04/2015 00:00:00,21/04/2015 00:00:00,,
RJ1,Mossoró,ABASTECIMENTO,,18.000 LTS DE AGUA,NÃO HOUVE IMPACTO EM MANOBRA,24/04/2015 00:00:00,24/04/2015 00:00:00,,
SEP,S/N Guarapari,REPARO,,PANE NO SISTEMA AZIMUTAL BE PARTE ELETRICA,NÃO HOUVE IMPACTO EM MANOBRA,25/04/2015 08:20:00,25/04/2015 17:00:00,,
MAC,Pirajá,REPARO,,SUBSTITUIÇÃO DAS ROLDANAS DAS ADRIÇAS DO MASTRO,NÃO HOUVE IMPACTO EM MANOBRA,02/04/2015 00:00:00,02/04/2015 00:00:00,,
MAC,Pirajá,INSPEÇÃO,,QUADRO ELÉTRICO DO COMPRESSOR,NÃO HOUVE IMPACTO EM MANOBRA,03/04/2015 00:00:00,03/04/2015 00:00:00,,
MAC,Pirajá,REPARO,,AR-CONDOCIONADO CAMAROTE DOS MARINHEIROS,NÃO HOUVE IMPACTO EM MANOBRA,06/04/2015 00:00:00,06/04/2015 00:00:00,,
MAC,Pirajá,REPARO,,REDE DE ÁGUA POTÁVEL,NÃO HOUVE IMPACTO EM MANOBRA,07/04/2015 00:00:00,07/04/2015 00:00:00,,
MAC,Pirajá,INSPEÇÃO,,VÁLVULAS DE SEGURANÇA DO COMPRESSOR,NÃO HOUVE IMPACTO EM MANOBRA,08/04/2015 00:00:00,08/04/2015 00:00:00,,
MAC,Pirajá,REPARO,,REDE DE DIESEL DO MCP-BB,NÃO HOUVE IMPACTO EM MANOBRA,13/04/2015 00:00:00,13/04/2015 00:00:00,,
MAC,Pirajá,REPARO,,TROCA DE ÓLEO E FILTROS MCA-BB,NÃO HOUVE IMPACTO EM MANOBRA,14/04/2015 00:00:00,14/04/2015 00:00:00,,
MAC,Pirajá,REPARO,,TROCA DE ÓLEO E FILTROS MCP-BE,NÃO HOUVE IMPACTO EM MANOBRA,15/05/2015 00:00:00,15/05/2015 00:00:00,,
MAC,Pirajá,REPARO,,PARAFUSOS DE VEDAÇÃO DO TANQUE DE ÁGUA BB,NÃO HOUVE IMPACTO EM MANOBRA,23/04/2015 00:00:00,23/04/2015 00:00:00,,
MAC,Pirajá,REPARO,,PRESSOSTATO DE ÓLEO DO MCP-BE,NÃO HOUVE IMPACTO EM MANOBRA,27/04/2015 00:00:00,27/04/2015 00:00:00,,
MAC,Pirajá,REPARO,,PRESSOSTATO DE ÓLEO DO MCP-CE,NÃO HOUVE IMPACTO EM MANOBRA,29/04/2015 00:00:00,29/04/2015 00:00:00,,
MAC,Pirajá,REPARO,,RAMPA DE ACESSO AO REBOCADOR,NÃO HOUVE IMPACTO EM MANOBRA,30/04/2015 00:00:00,30/04/2015 00:00:00,,
RGD,S/N David,VISTORIA,,VISTORIA - JUSTIÇA FEDERAL - SINDICATO - ALTERAÇÃO DO CTS,AFRETAMENTO,04/05/2015 16:00:00,04/05/2015 18:00:00,,
RGD,S/N David,REPARO,,REPARO NO GUINCHO - TROCA CILINDRO DE AR DO FREIO (CORRETIVA),NÃO HOUVE IMPACTO EM MANOBRA,06/05/2015 00:00:00,06/05/2015 13:00:00,,
RGD,S/N David,REPARO,,REPARO NO RESFRIADOR (CORRETIVA),AFRETAMENTO,15/05/2015 18:00:00,17/05/2015 00:30:00,,
RGD,S/N David,REPARO,,REPARO NO RESFRIADOR (CORRETIVA),AFRETAMENTO,18/05/2015 01:00:00,18/05/2015 21:45:00,,
RGD,S/N David,REPARO,,REPARO NO RESFRIADOR (CORRETIVA),NÃO HOUVE IMPACTO EM MANOBRA,19/05/2015 14:00:00,19/05/2015 23:00:00,,
RGD,S/N David,REPARO,,REPARO NO ACOPLAMENTO DA BOMBA HIDRÁULICA DO AGREGADO DE BB (CORRETIVA),NÃO HOUVE IMPACTO EM MANOBRA,31/05/2015 03:00:00,31/05/2015 18:00:00,,
MAC,Pirajá,REPARO,,TROCA DE ÓLEO E FILTROS MCA-BE,NÃO HOUVE IMPACTO EM MANOBRA,05/05/2015 00:00:00,05/05/2015 00:00:00,,
MAC,Pirajá,REPARO,,TROCA DE ÓLEO REVERSORA DO MCP-BE,NÃO HOUVE IMPACTO EM MANOBRA,06/05/2015 00:00:00,06/05/2015 00:00:00,,
MAC,Pirajá,REPARO,,LIMPEZA DE FILTROS DO MCP-CE,NÃO HOUVE IMPACTO EM MANOBRA,07/05/2015 00:00:00,07/05/2015 00:00:00,,
MAC,Pirajá,REPARO,,INSTALAÇÃO SISTEMA DE IÇAMENTO DA RAMPA DE ACESSO AO PIRAJÁ,NÃO HOUVE IMPACTO EM MANOBRA,13/05/2015 00:00:00,13/05/2015 00:00:00,,
MAC,Pirajá,REPARO,,CORREÇÃO DE VAZAMENTO ENTRE A MUFLA E A TURBINA DO MCP-CE,NÃO HOUVE IMPACTO EM MANOBRA,14/05/2015 00:00:00,14/05/2015 00:00:00,,
MAC,Pirajá,REPARO,,LIMPEZA DO AFTERCOOLER DO MCP-CE,NÃO HOUVE IMPACTO EM MANOBRA,15/05/2015 00:00:00,15/05/2015 00:00:00,,
MAC,Pirajá,REPARO,,SUBSTITUÍÇÃO DO PRESSOSTATO DE ÓLEO DO MCP-BB,NÃO HOUVE IMPACTO EM MANOBRA,18/05/2015 00:00:00,18/05/2015 00:00:00,,
MAC,Pirajá,REPARO,,TROCA DE ÓLEO DA REVERSSORA DO MCP-CE,NÃO HOUVE IMPACTO EM MANOBRA,19/05/2015 00:00:00,19/05/2015 00:00:00,,
MAC,Pirajá,INSPEÇÃO,,RETIRADA DA BOMBA DE SERVIÇOS GERAIS P/ MANUTENÇÃO,NÃO HOUVE IMPACTO EM MANOBRA,20/05/2015 00:00:00,20/05/2015 00:00:00,,
MAC,Pirajá,REPARO,,VÁLVULA DE ASPIRAÇÃO DA BOMBA SERVIÇOS GERAIS,NÃO HOUVE IMPACTO EM MANOBRA,22/05/2015 00:00:00,22/05/2015 00:00:00,,
MAC,Pirajá,REPARO,,VÁLVULA DE ASPIRAÇÃO DO MCA-BE,NÃO HOUVE IMPACTO EM MANOBRA,25/05/2015 00:00:00,25/05/2015 00:00:00,,
MAC,Pirajá,REPARO,,REDE DE REFRIGERAÇÃO DO MCA-BE,NÃO HOUVE IMPACTO EM MANOBRA,26/05/2015 00:00:00,26/05/2015 00:00:00,,
SDR,Caburaí,REPARO,,MANUTENÇAO NO SOPRADOR DO MCP,NÃO HOUVE IMPACTO EM MANOBRA,01/05/2015 00:00:00,06/05/2015 19:00:00,,
SDR,Caburaí,REPARO,,SUBSTITUIÇÃO DA VÁLVULA REGULADORA E LUBRI-FILTRO DO SISTEMA DE ACELERAÇÃO DAS MANETES DO PASSADIÇO,NÃO HOUVE IMPACTO EM MANOBRA,12/05/2015 00:00:00,12/05/2015 00:00:00,,
SDR,Caburaí,REPARO,,CONFECÇÃO DE TRECHO DA REDE DE REFRIGERAÇÃO DO TROCADOR DE CALOR DE ÁGUA DOCE DO MCP-BE,NÃO HOUVE IMPACTO EM MANOBRA,15/05/2015 00:00:00,15/05/2015 00:00:00,,
SDR,Caburaí,ABASTECIMENTO,,AQUISIÇÃO DE COMBUSTÍVEL,NÃO HOUVE IMPACTO EM MANOBRA,20/05/2015 00:00:00,20/05/2015 00:00:00,,
SDR,Caburaí,REPARO,,REPARO NOS CILINDROS EM 3 CILINDROS DO MCP BB,ATRASO NA MANOBRA,22/05/2015 08:00:00,31/05/2015 00:00:00,,
SDR,Caburaí,REPARO,,CONFECÇÃO/INSTALAÇÃO DE SUPORTE PARA FIXAÇÃO DOS SENSORES INDICADORES DE POSIÇÃO DO LEME,NÃO HOUVE IMPACTO EM MANOBRA,28/05/2015 00:00:00,28/05/2015 00:00:00,,
SDR,Caburaí,REPARO,,RETIRADO FIAÇÃO MORTA E FEITO FIXAÇÃO DAS SOLTAS COM ABRAÇADEIRAS PLÁSTICAS,NÃO HOUVE IMPACTO EM MANOBRA,28/05/2015 00:00:00,28/05/2015 00:00:00,,
SDR,S/N Pirambu,REPARO,,LIMPEZA DO TANQUE DE SERVIÇO BB,NÃO HOUVE IMPACTO EM MANOBRA,20/05/2015 00:00:00,20/05/2015 00:00:00,,
SDR,S/N Pirambu,REPARO,,LIMPEZA DO TANQUE DE SERVIÇO BE,NÃO HOUVE IMPACTO EM MANOBRA,21/05/2015 00:00:00,21/05/2015 00:00:00,,
SDR,S/N Pirambu,REPARO,,INSTALADO BBA HIDROFORA,NÃO HOUVE IMPACTO EM MANOBRA,22/05/2015 00:00:00,22/05/2015 00:00:00,,
SDR,S/N Pirambu,REPARO,,SUBSTITUIÇÃO DO CONTACTOR DA BBA HIDROFOR,NÃO HOUVE IMPACTO EM MANOBRA,23/05/2015 00:00:00,23/05/2015 00:00:00,,
SDR,S/N Pirambu,ABASTECIMENTO,,AQUISIÇÃO DE COMBUSTÍVEL,NÃO HOUVE IMPACTO EM MANOBRA,25/05/2015 00:00:00,25/05/2015 00:00:00,,
SDR,Carajás,REPARO,,LIMPEZA DO RESFRIADOR DO MCP BB,NÃO HOUVE IMPACTO EM MANOBRA,05/05/2015 00:00:00,05/05/2015 00:00:00,,
SDR,Carajás,REPARO,,MANUTENÇÃO MUFLA,NÃO HOUVE IMPACTO EM MANOBRA,05/05/2015 00:00:00,05/05/2015 00:00:00,,
SDR,Carajás,REPARO,,LIMPEZA DOS TANQUES DE ÁGUA,NÃO HOUVE IMPACTO EM MANOBRA,11/05/2015 00:00:00,11/05/2015 00:00:00,,
SDR,Carajás,REPARO,,SUBSTITUIÇÃO DA REDE DO AR DO APITO,NÃO HOUVE IMPACTO EM MANOBRA,11/05/2015 00:00:00,11/05/2015 00:00:00,,
SDR,Carajás,ABASTECIMENTO,,AQUISIÇÃO DE COMBUSTÍVEL,NÃO HOUVE IMPACTO EM MANOBRA,20/05/2015 00:00:00,20/05/2015 00:00:00,,
SDR,Carajás,REPARO,,MANUTENÇÃO MCA,ATRASO NA MANOBRA,22/05/2015 08:00:00,22/05/2015 12:00:00,,
SDR,Carajás,REPARO,,REVISÃO NO CIRCUITO DE COMANDO E ALARME MCA BE,NÃO HOUVE IMPACTO EM MANOBRA,23/05/2015 00:00:00,23/05/2015 00:00:00,,
SDR,Pituba,REPARO,,"SUSTITUIÇÃO DO ""PLUG""DE VEDAÇAO DE AGUA DO CABEÇOTE MCP CE",NÃO HOUVE IMPACTO EM MANOBRA,21/05/2015 00:00:00,21/05/2015 00:00:00,,
SDR,S/N Caeté,REPARO,,SUBSTITUIÇÃO DA REDE DO AR DO APITO,NÃO HOUVE IMPACTO EM MANOBRA,06/05/2015 00:00:00,06/05/2015 00:00:00,,
SDR,S/N Caeté,REPARO,,TROCA DE ÓLEO DOS MCPs BB/BE,NÃO HOUVE IMPACTO EM MANOBRA,08/05/2015 00:00:00,08/05/2015 00:00:00,,
SDR,S/N Caeté,REPARO,,REAPERTO DO CABEÇOTE E AJUSTE DE VALVULAS DO MCP BE,NÃO HOUVE IMPACTO EM MANOBRA,20/05/2015 00:00:00,20/05/2015 00:00:00,,
SDR,S/N Caeté,REPARO,,LIMPEZA DO RESFRIADOR DE AGUA SALGADA MCP BE,NÃO HOUVE IMPACTO EM MANOBRA,20/05/2015 00:00:00,20/05/2015 00:00:00,,
SDR,S/N Caeté,REPARO,,SUBSTITUIÇAO DE UM MOTOR DE PARTIDA MCP BE,NÃO HOUVE IMPACTO EM MANOBRA,20/05/2015 00:00:00,20/05/2015 00:00:00,,
SDR,S/N Caeté,REPARO,,SUBSTITUIÇÃO DOS DOIS MOTORES DE PARTIDA MCP BB,NÃO HOUVE IMPACTO EM MANOBRA,20/05/2015 00:00:00,20/05/2015 00:00:00,,
SDR,S/N Caeté,REPARO,,REVISAO NAS LUMINARIAS DO PASSADIÇO,NÃO HOUVE IMPACTO EM MANOBRA,20/05/2015 00:00:00,20/05/2015 00:00:00,,
SDR,S/N Caeté,REPARO,,REPARADO FIO PARTIDO QUE ALIMETAM OS MOTORES DE PARTIDA DO MCP BB,NÃO HOUVE IMPACTO EM MANOBRA,23/05/2015 00:00:00,23/05/2015 00:00:00,,
SDR,S/N Caeté,ABASTECIMENTO,,AQUISIÇÃO DE COMBUSTÍVEL,NÃO HOUVE IMPACTO EM MANOBRA,25/05/2015 00:00:00,25/05/2015 00:00:00,,
SDR,S/N Caeté,REPARO,,"SUBSTITUIÇÃO DO MANÕMETROS DOS SEGUINTES EQUIPAMENTOS; Bba. DE INCÊNDIO,Bba DE SERVIÇOS GERAIS,Bb,Bba DE TRANSFERÇA DE ÓLEO DIESEL, FITROS RACOL E PRESSÃO DAS BOMBAS DE REFRIGERAÇÃO DOS MCA'S",NÃO HOUVE IMPACTO EM MANOBRA,26/05/2015 00:00:00,26/05/2015 00:00:00,,
STR,SN Maraú,ABASTECIMENTO,,,NÃO HOUVE IMPACTO EM MANOBRA,06/05/2015 00:00:00,06/05/2015 00:00:00,,
STR,SN Maraú,FALHA EM MANOBRA,CORRETIVO,PROBLEMAS NO PROPULSOR DE BB,NÃO HOUVE IMPACTO EM MANOBRA,24/05/2015 20:10:00,25/05/2015 10:00:00,,
STR,SN Jatobá,ABASTECIMENTO,,,NÃO HOUVE IMPACTO EM MANOBRA,06/05/2015 00:00:00,06/05/2015 00:00:00,,
STR,SN Jatobá,REPARO,CORRETIVO,MERGULHO PARA COLOCAÇÃO DOS PARAFUSOS DOS PROPULSORES - PARAFUSOS QUEBRADOS,AFRETAMENTO,09/05/2015 08:30:00,09/05/2015 13:35:00,,
STR,Sauípe,ABASTECIMENTO,,,NÃO HOUVE IMPACTO EM MANOBRA,06/05/2015 00:00:00,06/05/2015 00:00:00,,
STR,Sauípe,REPARO,CORRETIVO,PEGOU LIXO NO PROPULSOR,AFRETAMENTO,06/05/2015 23:00:00,07/05/2015 10:30:00,,
STR,Sauípe,REPARO,CORRETIVO,VAZAMENTO MCP BE,NÃO HOUVE IMPACTO EM MANOBRA,18/05/2015 02:45:00,18/05/2015 08:10:00,,
STR,Sauípe,REPARO,CORRETIVO,NÃO ACOPLOU O MCP,AFRETAMENTO,29/05/2015 16:40:00,29/05/2015 17:20:00,,
PNG,SN Chuí,ABASTECIMENTO A. POTÁVEL,,,NÃO HOUVE IMPACTO EM MANOBRA,07/05/2015 00:00:00,07/05/2015 00:00:00,,
PNG,SN Chuí,ABASTECIMENTO A. POTÁVEL,,,NÃO HOUVE IMPACTO EM MANOBRA,17/05/2015 00:00:00,17/05/2015 00:00:00,,
PNG,S/N Jauá,ABASTECIMENTO A. POTÁVEL,,,NÃO HOUVE IMPACTO EM MANOBRA,07/05/2015 00:00:00,07/05/2015 00:00:00,,
PNG,S/N Jauá,ABASTECIMENTO A. POTÁVEL,,,NÃO HOUVE IMPACTO EM MANOBRA,17/05/2015 00:00:00,17/05/2015 00:00:00,,
RJ1,Mossoró,ABASTECIMENTO,,9.OOO LTS AGUA,NÃO HOUVE IMPACTO EM MANOBRA,06/05/2015 00:00:00,06/05/2015 00:00:00,,
RJ1,Mossoró,ABASTECIMENTO,,9.000 LTS AGUA,NÃO HOUVE IMPACTO EM MANOBRA,11/05/2015 00:00:00,11/05/2015 00:00:00,,
RJ1,Mossoró,ABASTECIMENTO,,OLEO,NÃO HOUVE IMPACTO EM MANOBRA,13/05/2015 00:00:00,13/05/2015 00:00:00,,
RJ1,Mossoró,ABASTECIMENTO,,9.000 LTS AGUA,NÃO HOUVE IMPACTO EM MANOBRA,15/05/2015 00:00:00,15/05/2015 00:00:00,,
RJ1,Mossoró,REPARO,,QUEDA DE ROTAÇÃO,NÃO HOUVE IMPACTO EM MANOBRA,20/05/2015 07:00:00,20/05/2015 12:20:00,,
RJ1,Mossoró,ABASTECIMENTO,,PEGOU OLEO DO ARARUAMA,NÃO HOUVE IMPACTO EM MANOBRA,23/05/2015 00:00:00,23/05/2015 00:00:00,,
RJ1,Mossoró,REPARO,,PROBLEMA NO MCP BE,NÃO HOUVE IMPACTO EM MANOBRA,24/05/2015 13:30:00,24/05/2015 15:30:00,,
RJ1,Mossoró,ABASTECIMENTO,,9.000 LTS AGUA,NÃO HOUVE IMPACTO EM MANOBRA,25/05/2015 00:00:00,25/05/2015 00:00:00,,
RJ1,Mossoró,ABASTECIMENTO,,9.000 LTS AGUA,NÃO HOUVE IMPACTO EM MANOBRA,30/05/2015 00:00:00,30/05/2015 00:00:00,,
RJ1,S/N Araruama,ABASTECIMENTO,,PEGANDO OLEO NA CODEPE,NÃO HOUVE IMPACTO EM MANOBRA,09/05/2015 00:00:00,09/05/2015 00:00:00,,
RJ1,S/N Araruama,REPARO,,TESTE DE FORÇA,NÃO HOUVE IMPACTO EM MANOBRA,12/05/2015 13:30:00,12/05/2015 15:30:00,,
RJ1,S/N Araruama,VISTORIA,,VISTORIA DA ABS,NÃO HOUVE IMPACTO EM MANOBRA,14/05/2015 10:30:00,14/05/2015 12:00:00,,
RJ1,S/N Araruama,REPARO,,RETIRADA CX REDUTORA BE,NÃO HOUVE IMPACTO EM MANOBRA,18/05/2015 14:00:00,18/05/2015 20:00:00,,
RJ1,S/N Araruama,MERGULHO,,PEGOU PNEU NO HÉLICE,PERDA DE MANOBRA,19/05/2015 08:40:00,19/05/2015 16:15:00,,
RJ1,S/N Araruama,ABASTECIMENTO,,9.000 LTS DE AGUA,NÃO HOUVE IMPACTO EM MANOBRA,19/05/2015 00:00:00,19/05/2015 00:00:00,,
RJ1,S/N Araruama,ABASTECIMENTO,,TRANF. OLEO P/ O ATALAIA,NÃO HOUVE IMPACTO EM MANOBRA,22/05/2015 00:00:00,22/05/2015 00:00:00,,
RJ1,S/N Araruama,ABASTECIMENTO,,TRANF. OLEO P/ O MOSSORO,NÃO HOUVE IMPACTO EM MANOBRA,23/05/2015 00:00:00,23/05/2015 00:00:00,,
RJ1,S/N Araruama,ABASTECIMENTO,,PEGANDO OLEO NA CODEPE,NÃO HOUVE IMPACTO EM MANOBRA,23/05/2015 00:00:00,23/05/2015 00:00:00,,
RJ1,S/N Araruama,ABASTECIMENTO,,9.000 LTS DE AGUA,NÃO HOUVE IMPACTO EM MANOBRA,25/05/2015 00:00:00,25/05/2015 00:00:00,,
RJ1,Atalaia,MERGULHO,,SOLTOU CHAPA TUBULÃO,NÃO HOUVE IMPACTO EM MANOBRA,01/05/2015 12:00:00,02/05/2015 16:00:00,,
RJ1,Atalaia,ABASTECIMENTO,,PEGOU OLEO DO ARARUAMA,NÃO HOUVE IMPACTO EM MANOBRA,22/05/2015 00:00:00,22/05/2015 00:00:00,,
RJ1,Atalaia,ABASTECIMENTO,,9.000 LTS AGUA,NÃO HOUVE IMPACTO EM MANOBRA,25/05/2015 00:00:00,25/05/2015 00:00:00,,
SEP,S/N Guarapari,ABASTECIMENTO,,40.000 LTS DE AGUA,NÃO HOUVE IMPACTO EM MANOBRA,02/05/2015 00:00:00,02/05/2015 00:00:00,,
SEP,S/N Guarapari,REPARO,,ROMPIMENTO O-RINGUE MCP BE,NÃO HOUVE IMPACTO EM MANOBRA,12/05/2015 09:00:00,12/05/2015 14:00:00,,
SEP,S/N Abrolhos,ABASTECIMENTO,,40.000 LTS DE AGUA,NÃO HOUVE IMPACTO EM MANOBRA,26/05/2015 00:00:00,26/05/2015 00:00:00,,
VIT,S/N Aragipe,REPARO,,Retirado vazamento de óleo hidraulico da bomba de governo do SRP de BB.,NÃO HOUVE IMPACTO EM MANOBRA,06/04/2015 08:00:00,06/04/2015 11:00:00,,
VIT,S/N Aragipe,ABASTECIMENTO,,Abastecimento de 20.000 Lts de MGO.,NÃO HOUVE IMPACTO EM MANOBRA,07/04/2015 16:25:00,07/04/2015 17:15:00,,
VIT,S/N Aragipe,REPARO,,Regulagem da lona de freio do guincho de proa.,NÃO HOUVE IMPACTO EM MANOBRA,08/04/2015 13:00:00,08/04/2015 15:00:00,,
VIT,S/N Aragipe,REPARO,,Troca da embreagem do SRP de BB e do anel de vedação do SRP de BB.,NÃO HOUVE IMPACTO EM MANOBRA,09/04/2015 08:00:00,09/04/2015 16:00:00,,
VIT,S/N Aragipe,REPARO,,Desmontagem do conjunto de freio do guinho de proa.,NÃO HOUVE IMPACTO EM MANOBRA,14/04/2015 08:00:00,14/04/2015 12:00:00,,
VIT,S/N Aragipe,REPARO,,Colocado carga de gás no ar condicionado do refeitorio,NÃO HOUVE IMPACTO EM MANOBRA,20/04/2015 08:00:00,20/04/2015 10:00:00,,
VIT,S/N Aragipe,REPARO,,Montagem de todo conjunto da cinta de freio.,NÃO HOUVE IMPACTO EM MANOBRA,22/04/2015 08:00:00,22/04/2015 16:00:00,,
VIT,S/N Aragipe,REPARO,,Preparação de um suporte na cinta de freio do guincho de proa.,NÃO HOUVE IMPACTO EM MANOBRA,23/04/2015 08:00:00,23/04/2015 12:00:00,,
VIT,S/N Aragipe,ABASTECIMENTO,,Abastecimento de 20.000 Lts de MGO.,NÃO HOUVE IMPACTO EM MANOBRA,23/04/2015 15:50:00,23/04/2015 17:20:00,,
VIT,S/N Aragipe,REPARO,,Colocação de fieis nas tampas de tomadas de incêndio.,NÃO HOUVE IMPACTO EM MANOBRA,24/04/2015 08:00:00,24/04/2015 10:00:00,,
VIT,SN Oiapoque,REPARO,,Troca de óleo lubrificante 1.200 Lts do SRP de BE.,NÃO HOUVE IMPACTO EM MANOBRA,06/04/2015 08:00:00,06/04/2015 12:00:00,,
VIT,SN Oiapoque,ABASTECIMENTO,,Abastecimento de 20.000 Lts de MGO.,NÃO HOUVE IMPACTO EM MANOBRA,09/04/2015 16:00:00,09/04/2015 17:30:00,,
VIT,SN Oiapoque,REPARO,,Desobstrução do suspiro da caixa de mar da bomba de serviços gerais.,NÃO HOUVE IMPACTO EM MANOBRA,10/04/2015 08:00:00,10/04/2015 12:00:00,,
VIT,SN Oiapoque,REPARO,,"Troca da graxa,guarda copo do mancal quatro da linha de eixo de BE.",NÃO HOUVE IMPACTO EM MANOBRA,15/04/2015 08:00:00,15/04/2015 10:00:00,,
VIT,SN Oiapoque,REPARO,,Colocação de fieis nas tampas de tomadas de incêndio.,NÃO HOUVE IMPACTO EM MANOBRA,24/04/2015 10:00:00,24/04/2015 12:00:00,,
VIT,SN Oiapoque,ABASTECIMENTO,,Abastecimento de 20.000 Lts de MGO.,NÃO HOUVE IMPACTO EM MANOBRA,27/04/2015 09:00:00,27/04/2015 11:30:00,,
MAC,Pirajá,REPARO,,REPARO NA BOMBA DE PRÉ-LUBRIFICAÇÃO DO MCP-CE,NÃO HOUVE IMPACTO EM MANOBRA,02/06/2015 13:00:00,02/06/2015 15:00:00,,
MAC,Pirajá,REPARO,,MONTAGEN DA BOMBA DE PRÉ-LUBRIFICAÇÃO DO MCP-CE,NÃO HOUVE IMPACTO EM MANOBRA,03/06/2015 10:00:00,03/06/2015 11:30:00,,
MAC,Pirajá,REPARO,,MANUTENÇÃO NO RESFRIADOR DE ÁGUA DO MCA-BB,NÃO HOUVE IMPACTO EM MANOBRA,22/06/2015 14:00:00,22/06/2015 16:00:00,,
MAC,Pirajá,REPARO,,VAZAMENTO DE GASES DA TURBINA DO MCP-BB,NÃO HOUVE IMPACTO EM MANOBRA,25/06/2015 09:00:00,25/06/2015 12:00:00,,
PNG,S/N Jauá,ABASTECIMENTO,,FORNECIMENTO DE 10.000 LITROS DE ÁGUA,NÃO HOUVE IMPACTO EM MANOBRA,04/06/2015 00:00:00,04/06/2015 00:00:00,,
PNG,S/N Jauá,ABASTECIMENTO,,FORNECIMENTO DE 14.000 LITROS DE ÁGUA,NÃO HOUVE IMPACTO EM MANOBRA,17/06/2015 00:00:00,17/06/2015 00:00:00,,
PNG,S/N Jauá,REPARO,,TROCA DO CABO DE MANOBRA ROMPIDO DURANTE OPERAÇÃO DE SALVATAGEM DO NAVIO SOFIA NA BOIA 3.,NÃO HOUVE IMPACTO EM MANOBRA,23/06/2015 19:00:00,23/06/2015 20:00:00,,
PNG,SN Chuí,ABASTECIMENTO,,FORNECIMENTO DE 20.000 LITROS DE ÁGUA,NÃO HOUVE IMPACTO EM MANOBRA,04/06/2015 00:00:00,04/06/2015 00:00:00,,
PNG,SN Chuí,ABASTECIMENTO,,FORNECIMENTO DE 25.000 LITROS DE OLEO DIESEL.,NÃO HOUVE IMPACTO EM MANOBRA,10/06/2015 00:00:00,10/06/2015 00:00:00,,
PNG,SN Chuí,MERGULHO,,INSPEÇÃO CASCO DEVIDO CONTAMINAÇÃO DO SCHOTTEL BE,NÃO HOUVE IMPACTO EM MANOBRA,10/06/2015 14:00:00,10/06/2015 15:30:00,,
PNG,SN Chuí,ABASTECIMENTO,,FORNECIMENTO DE 14.000 LITROS DE ÁGUA,NÃO HOUVE IMPACTO EM MANOBRA,17/06/2015 00:00:00,17/06/2015 00:00:00,,
PNG,SN Chuí,INDISPONIBILIDADE,,FALHA NO ALTERNADOR DO MCP BE,NÃO HOUVE IMPACTO EM MANOBRA,20/06/2015 03:15:00,20/06/2015 04:00:00,,
PNG,SN Chuí,REPARO,,"REPARO NO SENSOR DO GUINCHO, QUAL FALHOU DURANTE OPERAÇÃO DE SALVATAGEM DO NAVIO SOFIA NA BOIA 3.",NÃO HOUVE IMPACTO EM MANOBRA,23/06/2015 19:00:00,23/06/2015 19:40:00,,
RJ1,Atalaia,MERGULHO,,LIMPEZA DO VISOR DA SONDA (MERGULHADOR),NÃO HOUVE IMPACTO EM MANOBRA,14/06/2015 09:00:00,14/06/2015 09:30:00,,
RJ1,Atalaia,ABASTECIMENTO,,ABASTECIMENTO DE ÀGUA,NÃO HOUVE IMPACTO EM MANOBRA,14/06/2015 00:00:00,14/06/2015 00:00:00,,
RJ1,Atalaia,ABASTECIMENTO,,ABASTECIMENTO DE ÀGUA,NÃO HOUVE IMPACTO EM MANOBRA,17/06/2015 00:00:00,17/06/2015 00:00:00,,
RJ1,Atalaia,ABASTECIMENTO,,PEGOU 6.000 LTS DE OLEO DO MOSSORO,NÃO HOUVE IMPACTO EM MANOBRA,19/06/2015 22:00:00,20/06/2015 00:30:00,,
RJ1,Atalaia,REPARO,,PROBLEMA NA REVERSORA DE BB NÃO ACOPLAVA,PERDA DE MANOBRA,30/06/2015 14:10:00,30/06/2015 19:40:00,,
RJ1,Mossoró,ABASTECIMENTO,,ABASTECIMENTO DE ÀGUA,NÃO HOUVE IMPACTO EM MANOBRA,13/06/2015 00:00:00,13/06/2015 00:00:00,,
RJ1,Mossoró,MERGULHO,,LIMPESA NO ESPELHO DA SONDA,NÃO HOUVE IMPACTO EM MANOBRA,12/06/2015 08:00:00,12/06/2015 09:30:00,,
RJ1,S/N Araruama,ABASTECIMENTO,,ABASTECIMENTO DE ÀGUA,NÃO HOUVE IMPACTO EM MANOBRA,12/06/2015 00:00:00,12/06/2015 00:00:00,,
RJ1,S/N Araruama,ABASTECIMENTO,,PEGOU 6.620 LTS DE OLEO DO MOSSORO,NÃO HOUVE IMPACTO EM MANOBRA,20/06/2015 01:00:00,20/06/2015 08:00:00,,
SDR,S/N Caeté,REPARO,,RETIRADO MAU CONTATO NOS CONECTORES DOS PAINEIS MCP'S BE/BB NA PRAÇA DE MÁQUINA,NÃO HOUVE IMPACTO EM MANOBRA,07/06/2015 15:00:00,07/06/2015 16:00:00,,
SDR,S/N Caeté,REPARO,,SUBSTITUIÇAO DA JUNTA DO CABEÇOTE BANCADA (A) MCP BB,NÃO HOUVE IMPACTO EM MANOBRA,10/06/2015 10:00:00,10/06/2015 17:00:00,,
SDR,S/N Caeté,REPARO,,SUBSTITUIÇÃO DAS ARRUELAS DE VEDAÇAO DA JUNTA DE EXPANÇAO MCP BB,NÃO HOUVE IMPACTO EM MANOBRA,10/06/2015 16:00:00,10/06/2015 18:00:00,,
SEP,S/N Abrolhos,VISTORIA,,VISTORIA PETROBRÁS,NÃO HOUVE IMPACTO EM MANOBRA,11/06/2015 13:40:00,11/06/2015 14:40:00,,
SEP,S/N Abrolhos,REPARO,,NO GUINCHO DE PROA E TROCA DA PLACA DO SCHOTEL DE BB P/ BE,NÃO HOUVE IMPACTO EM MANOBRA,22/06/2015 09:00:00,22/06/2015 11:00:00,,
SEP,S/N Guarapari,REPARO,,O GUARAPARI NO OVER HAUL,AFRETAMENTO,16/06/2015 01:00:00,21/06/2015 23:59:00,,
STR,SN Jatobá,REPARO,,FALHA NO SENSOR DE TEMPERATURA DO MCA,NÃO HOUVE IMPACTO EM MANOBRA,20/06/2015 11:28:00,20/06/2015 12:45:00,,
STR,Sauípe,REPARO,,GUINCHO DE PROA INOPERANTE,AFRETAMENTO,15/06/2015 09:30:00,17/06/2015 10:00:00,,
VIT,S/N Aragipe,REPARO,,REPARO NO AR CONDICIONADO DO CAMAROTE DO CONDUTOR,NÃO HOUVE IMPACTO EM MANOBRA,02/06/2015 08:00:00,02/06/2015 11:30:00,,
VIT,S/N Aragipe,REPARO,,REPARO NO AR CONDICIONADO DO PASSADIÇO,NÃO HOUVE IMPACTO EM MANOBRA,03/06/2015 08:00:00,03/06/2015 11:00:00,,
VIT,S/N Aragipe,REPARO,,REPARO NO GUINCHO DE PROA,AFRETAMENTO,03/06/2015 08:00:00,03/06/2015 20:00:00,,
VIT,S/N Aragipe,REPARO,,REPARO NO MOTOR DE ARRANQUE DO MCA DE BB,NÃO HOUVE IMPACTO EM MANOBRA,09/06/2015 08:00:00,09/06/2015 10:30:00,,
VIT,S/N Aragipe,VISTORIA,,VISTORIA E TROCA DE PLACAS DO SRP DE BE (GIRO DE 360º INVOLUNTÁRIO),NÃO HOUVE IMPACTO EM MANOBRA,10/06/2015 08:00:00,10/06/2015 12:00:00,,
VIT,S/N Aragipe,REPARO,,REPARO NA PLACA DE LUZ DE NAVEGAÇÃO,NÃO HOUVE IMPACTO EM MANOBRA,10/06/2015 13:00:00,10/06/2015 16:30:00,,
VIT,S/N Aragipe,INSPEÇÃO,,VISTORIA DO PROPULSOR DE BB DEVIDO A VIBRAÇÃO (REALIZADA POR TÉCNICO DA SCHOTTEL),NÃO HOUVE IMPACTO EM MANOBRA,12/06/2015 10:00:00,12/06/2015 11:00:00,,
VIT,S/N Aragipe,REPARO,,REPARO NO TUDO DE ÁGUA DOCE DO CONVÉS,NÃO HOUVE IMPACTO EM MANOBRA,25/06/2015 09:00:00,25/06/2015 12:00:00,,
VIT,S/N Aragipe,REPARO,,TROCA DE 4 BATERIAS DE EMERGÊNCIA,NÃO HOUVE IMPACTO EM MANOBRA,25/06/2015 14:00:00,25/06/2015 15:00:00,,
MAC,Pirajá,REPARO,,REPARO NO MOTOR TRIFASICO DO COMPRESSOR DE AR,NÃO HOUVE IMPACTO EM MANOBRA,11/07/2015 08:00:00,11/07/2015 14:00:00,,
MAC,Pirajá,REPARO,,SANADO VAZAMENTO DE GASES NO MCP-BE,NÃO HOUVE IMPACTO EM MANOBRA,15/07/2015 10:00:00,15/07/2015 12:00:00,,
MAC,Pirajá,REPARO,,SUBSTITUIÇÃO DE UM TRECHO DE REDE DE REF DO MCP-CE,NÃO HOUVE IMPACTO EM MANOBRA,17/07/2015 09:00:00,17/07/2015 11:00:00,,
MAC,Pirajá,REPARO,,SUBSTITUIÇÃO DE CORREIAS DA BOMBA DE ÁGUA DO MCP-CE,NÃO HOUVE IMPACTO EM MANOBRA,30/07/2015 14:00:00,30/07/2015 15:00:00,,
PNG,SN Chuí,ABASTECIMENTO,,ABASTECIMENTO DE ÁGUA POTÁVEL,NÃO HOUVE IMPACTO EM MANOBRA,02/07/2015 00:00:00,02/07/2015 00:00:00,,
PNG,SN Chuí,,,RETIRADA DE RESÍDUOS - LIMPEZA DA DALA,NÃO HOUVE IMPACTO EM MANOBRA,13/07/2015 00:00:00,13/07/2015 00:00:00,,
PNG,SN Chuí,ABASTECIMENTO,,ABASTECIMENTO DE ÁGUA POTÁVEL,NÃO HOUVE IMPACTO EM MANOBRA,15/07/2015 00:00:00,15/07/2015 00:00:00,,
PNG,S/N Jauá,ABASTECIMENTO,,ABASTECIMENTO DE ÁGUA POTÁVEL,NÃO HOUVE IMPACTO EM MANOBRA,02/07/2015 00:00:00,02/07/2015 00:00:00,,
PNG,S/N Jauá,REPARO,,REPARO / TROCA DO SELO ROTATIVO DO SHOTTEL DE BE,NÃO HOUVE IMPACTO EM MANOBRA,07/07/2015 12:00:00,07/07/2015 16:20:00,,
PNG,S/N Jauá,,,RETIRADA DE RESÍDUOS - LIMPEZA DA DALA,NÃO HOUVE IMPACTO EM MANOBRA,13/07/2015 00:00:00,13/07/2015 00:00:00,,
PNG,S/N Jauá,ABASTECIMENTO,,ABASTECIMENTO DE ÁGUA POTÁVEL,NÃO HOUVE IMPACTO EM MANOBRA,15/07/2015 00:00:00,15/07/2015 00:00:00,,
RGD,S/N David,REPARO,,MANUTENÇÃO CORRETIVA DO CARDAN DE RÉ BB E CORREIRA DE BB,AFRETAMENTO,13/07/2015 01:00:00,13/07/2015 11:00:00,,
RJ1,Atalaia,REPARO,,PROBLEMA NA REVERSORA DE BB NÃO ACOPLAVA,PERDA DE MANOBRA,01/07/2015 20:00:00,02/07/2015 19:10:00,,
RJ1,Atalaia,REPARO,,PROBLEMA NA MANETE DE BB,PERDA DE MANOBRA,07/07/2015 18:10:00,08/07/2015 12:00:00,,
RJ1,Atalaia,REPARO,,FORA DE OPARAÇÃO DEVIDO AVARIA NO TUBULÃO DE BB,NÃO HOUVE IMPACTO EM MANOBRA,24/07/2015 23:50:00,26/07/2015 23:59:00,,
RJ1,Mossoró,REPARO,,LIMPESA TANQUE DE SERVIÇO BB E PROBLEMA ELETRICO,PERDA DE MANOBRA,16/07/2015 07:00:00,17/07/2015 12:00:00,,
RJ1,Mossoró,REPARO,,VAZAMENTO NA REDE DE COMB. MCA BB,NÃO HOUVE IMPACTO EM MANOBRA,23/07/2015 13:00:00,24/07/2015 16:00:00,,
RJ1,S/N Araruama,REPARO,,TROCA DE OLEO LUBRIFICANTE,NÃO HOUVE IMPACTO EM MANOBRA,27/07/2015 13:00:00,27/07/2015 14:00:00,,
SDR,S/N Caeté,REPARO,,RETIRADO CONECTOR E FEITO EMENDAS NA FIAÇÃO DO CIRCUITO NO MCP BE,NÃO HOUVE IMPACTO EM MANOBRA,04/07/2015 20:00:00,04/07/2015 22:00:00,,
SDR,Carajás,REPARO,,REPARO NA POLIA DA BOMBA HIDRULICA DO GIRO SCHOTELL DE BE (SOLDA NA POLIA),NÃO HOUVE IMPACTO EM MANOBRA,29/07/2015 12:00:00,29/07/2015 17:00:00,,
SEP,S/N Guarapari,REPARO,,PROBLEMA NO MACACO DO FREIO DO GUINCHO,NÃO HOUVE IMPACTO EM MANOBRA,09/07/2015 10:00:00,09/07/2015 14:00:00,,
SEP,S/N Guarapari,REPARO,,"TROCA DE 8 CABEÇOTES NO MCP BB,QUE NÃO EFETUADO NO OVER HAUL",NÃO HOUVE IMPACTO EM MANOBRA,23/07/2015 09:00:00,23/07/2015 23:59:00,,
SEP,S/N Abrolhos,REPARO,,O MOTOR DO MCP BB PARADO,AFRETAMENTO,29/07/2015 23:50:00,30/07/2015 14:00:00,,
STR,SN Jatobá,REPARO,,MANUTENÇÃO DA EMBREAGEM - REGULAR FOLGA DOS DISCOS,NÃO HOUVE IMPACTO EM MANOBRA,19/07/2015 15:30:00,19/07/2015 23:30:00,,
STR,Sauípe,REPARO,,TROCA DA CÂMARA PNEUMÁTICA DO GUINCHO DE PROA,NÃO HOUVE IMPACTO EM MANOBRA,08/07/2015 11:30:00,08/07/2015 13:40:00,,
STR,Sauípe,VISTORIA,,VISTORIA DO TERMINAL PETROBRAS PARA OPERAR NAVIOS FRONAPE,NÃO HOUVE IMPACTO EM MANOBRA,27/07/2015 10:00:00,27/07/2015 11:00:00,,
VIT,S/N Aragipe,REPARO,,REPARO NA DEFENSA (BOCHECHA DE BB - PNEU VIRADO),NÃO HOUVE IMPACTO EM MANOBRA,01/07/2015 08:00:00,01/07/2015 11:00:00,,
VIT,S/N Aragipe,REPARO,,REPARO NO BERÇO DA BALSA INFLÁVEL,NÃO HOUVE IMPACTO EM MANOBRA,02/07/2015 08:00:00,02/07/2015 17:00:00,,
VIT,S/N Aragipe,REPARO,,SUBSTITUIÇÃO DO ROLAMENTO DA EMBREAGEM DE BE,AFRETAMENTO,03/07/2015 04:00:00,03/07/2015 22:00:00,,
VIT,S/N Aragipe,REPARO,,TROCA DA VÁLVULA DE ALTA DO COMPRESSOR DE AR DE BB,NÃO HOUVE IMPACTO EM MANOBRA,10/07/2015 08:00:00,10/07/2015 12:00:00,,
VIT,S/N Aragipe,REPARO,,REGULAGEM DO FREIO DO GUINCHO DE PROA,NÃO HOUVE IMPACTO EM MANOBRA,16/07/2015 08:00:00,16/07/2015 10:00:00,,
VIT,S/N Aragipe,REPARO,,REPARO NO LIMPADOR DE PARABRISA DO PASSADIÇO,NÃO HOUVE IMPACTO EM MANOBRA,23/07/2015 08:00:00,23/07/2015 10:00:00,,
VIT,S/N Aragipe,ACIDENTE,,REPARO NA LUZ DE FUNDEIO NO MASTRO,NÃO HOUVE IMPACTO EM MANOBRA,24/07/2015 08:00:00,24/07/2015 11:00:00,,
VIT,S/N Aragipe,MERGULHO,,INSPEÇÃO NO TUBULÃO E HÉLICE DE BB COM MERGULHADOR,NÃO HOUVE IMPACTO EM MANOBRA,30/07/2015 14:00:00,30/07/2015 15:30:00,,
VIT,SN Oiapoque,REPARO,,REGULAGEM DO FREIO DO GUINCHO DE PROA,NÃO HOUVE IMPACTO EM MANOBRA,09/07/2015 08:00:00,09/07/2015 10:00:00,,
VIT,SN Oiapoque,REPARO,,REPARO NAS LUZES DO MASTRO,NÃO HOUVE IMPACTO EM MANOBRA,15/07/2015 13:00:00,15/07/2015 17:00:00,,
VIT,SN Oiapoque,REPARO,,TROCA DE DUAS TOMADAS ELÉTRICAS,NÃO HOUVE IMPACTO EM MANOBRA,24/07/2015 08:00:00,24/07/2015 11:00:00,,
MAC,Pirajá,REPARO,,SUBSTITUIÇÃO DA VALVULA DE DRENAGEM DA AMPOLA DE AR COMPRIMIDO,NÃO HOUVE IMPACTO EM MANOBRA,12/08/2015 08:00:00,12/08/2015 10:00:00,,
MAC,Pirajá,REPARO,,SUBSTITUIÇÃO DE TRECHO DA REDE DE AR COMPRIMIDO DA PARTIDA DO MCP-CE,NÃO HOUVE IMPACTO EM MANOBRA,13/08/2015 08:00:00,13/08/2015 12:00:00,,
MAC,Pirajá,REPARO,,SUBSTITUIÇÃO DE UM TRECHO DA REDE DE DRENO DA AMPOLA DE AR COMPRIMIDO,NÃO HOUVE IMPACTO EM MANOBRA,18/08/2015 08:00:00,18/08/2015 10:00:00,,
MAC,Pirajá,REPARO,,SUBSTITUIÇÃO DE UM TRECHO DA REDE DE REFRIGERAÇÃO DA REVERSSORA DO MCP-BB,NÃO HOUVE IMPACTO EM MANOBRA,21/08/2015 08:00:00,21/08/2015 14:00:00,,
MAC,Pirajá,REPARO,,SUBSTIUIÇÃO TRECHO DE REDE DE ASPIRAÇÃO DA REFRIGERAÇÃO DA REVERSSORA DO MCP-BB,NÃO HOUVE IMPACTO EM MANOBRA,25/08/2015 08:00:00,25/08/2015 11:00:00,,
MAC,Pirajá,REPARO,,SUBSTITUIÇÃO DA TURBINA DO MCP-BB DO PIRAJÁ,NÃO HOUVE IMPACTO EM MANOBRA,26/08/2015 08:00:00,26/08/2015 12:00:00,,
PNG,SN Chuí,ABASTECIMENTO,,ABASTECIMENTO DE ÁGUA POTÁVEL,NÃO HOUVE IMPACTO EM MANOBRA,03/08/2015 00:00:00,03/08/2015 00:00:00,,
PNG,SN Chuí,ABASTECIMENTO,,ABASTECIMENTO DE ÁGUA POTÁVEL,NÃO HOUVE IMPACTO EM MANOBRA,20/08/2015 00:00:00,20/08/2015 00:00:00,,
PNG,S/N Jauá,ABASTECIMENTO,,ABASTECIMENTO DE ÁGUA POTÁVEL,NÃO HOUVE IMPACTO EM MANOBRA,03/08/2015 00:00:00,03/08/2015 00:00:00,,
PNG,S/N Jauá,ABASTECIMENTO,,ABASTECIMENTO DE ÁGUA POTÁVEL,NÃO HOUVE IMPACTO EM MANOBRA,20/08/2015 00:00:00,20/08/2015 00:00:00,,
RJ1,Atalaia,DOCAGEM,,CHAPA DO TUBULÃO ENCOSTANDO NO HÉLICE BB,AFRETAMENTO,12/08/2015 08:00:00,16/08/2015 23:59:00,,
RJ1,Atalaia,DOCAGEM,,CHAPA DO TUBULÃO ENCOSTANDO NO HÉLICE BB,NÃO HOUVE IMPACTO EM MANOBRA,17/08/2015 00:00:00,23/08/2015 00:00:00,,
RJ1,Atalaia,DOCAGEM,,O REB. FOI ENTREGUE PARA A OPERAÇÕES DIA 26/08 - 01:00 HS.,NÃO HOUVE IMPACTO EM MANOBRA,24/08/2015 00:00:00,26/08/2015 01:00:00,,
RJ1,Mossoró,REPARO,,PROBLEMA NA CHAVE SELETORA DO MOTOR DE BE,NÃO HOUVE IMPACTO EM MANOBRA,02/08/2015 18:00:00,03/08/2015 08:00:00,,
RJ1,Mossoró,REPARO,,LIMPESA NA CAIXA MAR ALTA TEMPERATURA NO MOTOR MCP BB,NÃO HOUVE IMPACTO EM MANOBRA,04/08/2015 09:15:00,04/08/2015 18:00:00,,
RJ1,Mossoró,REPARO,,A CHAVE EXTIPATRIZ NÃO ESTAVA ATIVANDO O MCA BB,NÃO HOUVE IMPACTO EM MANOBRA,06/08/2015 06:00:00,06/08/2015 08:25:00,,
RJ1,S/N Araruama,REPARO,,TROCA DE ÓLEO LUBRIFICANTE DAS BOMBAS ENGETORAS DO MCA BB E BE,NÃO HOUVE IMPACTO EM MANOBRA,18/08/2015 08:00:00,18/08/2015 10:00:00,,
RJ1,S/N Araruama,REPARO,,SUBSTITUIÇÃO DO TRANSDUTOR DO ECOBATÍMETRO,NÃO HOUVE IMPACTO EM MANOBRA,21/08/2015 13:00:00,21/08/2015 16:00:00,,
SDR,S/N Caeté,REPARO,,REPARO NO COMPRESSOR DE AR DO SCHOTTEL BB,NÃO HOUVE IMPACTO EM MANOBRA,27/07/2015 13:00:00,27/07/2015 16:00:00,,
SDR,S/N Caeté,REPARO,,SUBS.DO ALTERNADOR MCP BB,NÃO HOUVE IMPACTO EM MANOBRA,27/07/2015 10:00:00,27/07/2015 12:00:00,,
SDR,S/N Caeté,REPARO,,PERDA DE ACELERAÇÃO NO MCP BB. PICK-UP E INTERRUPTOR DE RESET AVARIADOS.,NÃO HOUVE IMPACTO EM MANOBRA,13/08/2015 10:00:00,13/08/2015 16:00:00,,
SDR,S/N Pirambu,INSPEÇÃO,,RUIDO ANORMAL NA CAIXA DE ROLAMENTO DO EIXO CARDAN,NÃO HOUVE IMPACTO EM MANOBRA,15/08/2015 08:00:00,15/08/2015 10:00:00,,
SDR,S/N Pirambu,REPARO,,"REPARO NA CAIXA DE ROLAMENTOS DO EIXO CARDAN DO MCP BE - ""SUBSTITUIÇAO DO RETENTOR""",NÃO HOUVE IMPACTO EM MANOBRA,19/08/2015 15:00:00,19/08/2015 22:00:00,,
SDR,Carajás,REPARO,,"MONTAGEM , ISTALAÇÃO E TESTE NO MCA -BB",NÃO HOUVE IMPACTO EM MANOBRA,28/07/2015 12:00:00,28/07/2015 16:00:00,,
SDR,Carajás,REPARO,,RETIRADA DO MCA BB PARA REFAZER O EMBUCHAMENTO DO EIXO CONTRABALANÇO,NÃO HOUVE IMPACTO EM MANOBRA,05/08/2015 20:00:00,05/08/2015 22:00:00,,
SDR,Carajás,REPARO,,REPARO SISTEMA DE ALIMENTAÇÃO 24V MCA BE,AFRETAMENTO,07/08/2015 23:30:00,08/08/2015 09:00:00,,
SDR,Carajás,REPARO,,CORRIGIDO CIRCUITO DE ACOPLA / DESACOPLA SRP BE,NÃO HOUVE IMPACTO EM MANOBRA,18/08/2015 08:00:00,18/08/2015 11:00:00,,
SDR,Caburaí,REPARO,,SUBS. DO CARRETEL DO RESFRIADOR,NÃO HOUVE IMPACTO EM MANOBRA,30/07/2015 09:00:00,30/07/2015 11:00:00,,
SDR,Caburaí,INDISPONIBILIDADE,,VAZAMENTO DE ÁGUA DOCE PELO SUSPIRO DO BLOCO DE BANCADA - CILINDRO 2,AFRETAMENTO,16/08/2015 10:30:00,17/08/2015 07:30:00,,
SDR,Caburaí,REPARO,,"SUBSTITUICÃO DO CABEÇOTE,JUNTA DO CABEÇOTE E BICO INJETOR TIPO ""160"" 2*CILINDRO BANCADA"" A""",NÃO HOUVE IMPACTO EM MANOBRA,17/08/2015 07:30:00,18/08/2015 16:20:00,,
SDR,Pituba,REPARO,,REVISAO NO SISTEMA DE INJEÇÃO NO MCP BB,NÃO HOUVE IMPACTO EM MANOBRA,30/07/2015 11:00:00,30/07/2015 13:00:00,,
SDR,Pituba,REPARO,,REPARO DA BOMBA DE AGUA SALGADA DO MCP BB,NÃO HOUVE IMPACTO EM MANOBRA,03/08/2015 09:00:00,03/08/2015 10:30:00,,
SDR,Pituba,REPARO,,LIMPEZA DO RESFRIADOR DO OLEO MCP CE,NÃO HOUVE IMPACTO EM MANOBRA,12/08/2015 08:00:00,12/08/2015 10:00:00,,
SDR,Pituba,REPARO,,RETIRADA DE GASES DO MCP CE,NÃO HOUVE IMPACTO EM MANOBRA,12/08/2015 10:00:00,12/08/2015 12:00:00,,
SDR,Pituba,REPARO,,RETIRADA DE VAZAMENTO DE AGUA PELA JUNTA DA JANELA DE VISITA DA GALERIA DO BLOCO,NÃO HOUVE IMPACTO EM MANOBRA,12/08/2015 14:00:00,12/08/2015 16:00:00,,
SDR,Pituba,REPARO,,RETIRADO VAZAMENTO DE GASES DO MCP BE,NÃO HOUVE IMPACTO EM MANOBRA,14/08/2015 09:00:00,14/08/2015 10:30:00,,
SDR,Pituba,REPARO,,SUBSTITUIÇÃO DOS O'RING DE VEDAÇÃO DE AGUA DA MUFLA MCP BE,NÃO HOUVE IMPACTO EM MANOBRA,14/08/2015 10:30:00,14/08/2015 11:30:00,,
SEP,S/N Guarapari,REPARO,,ESGOTAMENTO DA DALA,NÃO HOUVE IMPACTO EM MANOBRA,01/08/2015 10:30:00,01/08/2015 14:50:00,,
SEP,S/N Guarapari,REPARO,,MANCAU Nº 7 BB,NÃO HOUVE IMPACTO EM MANOBRA,16/08/2015 15:00:00,17/08/2015 22:30:00,,
SEP,S/N Abrolhos,REPARO,,ALTA PRESÃO NO CARTER PAROU O MOTOR BB,NÃO HOUVE IMPACTO EM MANOBRA,03/08/2015 14:00:00,03/08/2015 15:30:00,,
STR,SN Maraú,ABASTECIMENTO,,,NÃO HOUVE IMPACTO EM MANOBRA,03/08/2015 00:00:00,03/08/2015 00:00:00,,
STR,SN Maraú,REPARO,,"FALHA NO CONVERSOR DE ENERGIA DAS LUZES DE NAVEGAÇÃO, RADAR E NAVNET",NÃO HOUVE IMPACTO EM MANOBRA,16/08/2015 22:50:00,17/08/2015 08:40:00,,
STR,SN Jatobá,ABASTECIMENTO,,,AFRETAMENTO,03/08/2015 15:00:00,03/08/2015 17:10:00,"8.363,09",
STR,SN Jatobá,MERGULHO,,VERIFICAR PARAFUSOS DO TUBULÃO E TROCA DOS PARAFUSOS QUEBRADOS,NÃO HOUVE IMPACTO EM MANOBRA,20/08/2015 10:30:00,20/08/2015 14:00:00,,
STR,Sauípe,ABASTECIMENTO,,,NÃO HOUVE IMPACTO EM MANOBRA,03/08/2015 00:00:00,03/08/2015 00:00:00,,
VIT,SN Oiapoque,REPARO,,TROCA DO ATUADOR DO GERADOR DE BB,NÃO HOUVE IMPACTO EM MANOBRA,03/08/2015 08:00:00,03/08/2015 10:10:00,,
VIT,SN Oiapoque,REPARO,,TROCA DO SENSOR (PICKUP),NÃO HOUVE IMPACTO EM MANOBRA,03/08/2015 11:00:00,03/08/2015 12:00:00,,
VIT,SN Oiapoque,REPARO,,PEAÇÃO DO FERRO,NÃO HOUVE IMPACTO EM MANOBRA,04/08/2015 08:00:00,04/08/2015 10:30:00,,
VIT,SN Oiapoque,REPARO,,DESMONTAGEM DO MOLINETE PARA REPARO,NÃO HOUVE IMPACTO EM MANOBRA,10/08/2015 08:00:00,10/08/2015 12:00:00,,
VIT,SN Oiapoque,REPARO,,TROCA DOS ROLAMENTOS DA BOMBA DO TANQUE DE BORRA,NÃO HOUVE IMPACTO EM MANOBRA,12/08/2015 08:00:00,12/08/2015 17:00:00,,
VIT,SN Oiapoque,REPARO,,REPARO NA BOMBA DO TANQUE FECAL,NÃO HOUVE IMPACTO EM MANOBRA,18/08/2015 08:00:00,18/08/2015 12:00:00,,
VIT,SN Oiapoque,REPARO,,MONTAGEM DO MOLINETE DO FERRO,NÃO HOUVE IMPACTO EM MANOBRA,31/08/2015 09:00:00,31/08/2015 11:30:00,,
VIT,S/N Aragipe,REPARO,,TROCA DO SELO DE VEDAÇÃO DO AR DA EMBRAGEM DO SRP DE BE,NÃO HOUVE IMPACTO EM MANOBRA,05/08/2015 08:00:00,05/08/2015 13:40:00,,
VIT,S/N Aragipe,REPARO,,TROCA DE CAPACITOR ELETRÔNICO DO FONOCLAMA,NÃO HOUVE IMPACTO EM MANOBRA,11/08/2015 09:00:00,11/08/2015 11:00:00,,
VIT,S/N Aragipe,REPARO,,TROCA DA SEÇÃO DE REDE DE DESCARGA DA BOMBA DE ARREFECIMENTO DO SRP DE BB,NÃO HOUVE IMPACTO EM MANOBRA,11/08/2015 08:00:00,11/08/2015 10:30:00,,
VIT,S/N Aragipe,REPARO,,QUEBRA DO ACOPLAMENTO DO MCP DE BB COM RETIRADA DO MESMO PARA REPARO,AFRETAMENTO,16/08/2015 11:00:00,27/08/2015 13:45:00,"218.667,32",
VIT,S/N Aragipe,REPARO,,REGULAGEM DE VÁLVULAS E REAPERTO NOS CABEÇOTES DOS MCAs DE BB E BE,NÃO HOUVE IMPACTO EM MANOBRA,19/08/2015 08:00:00,19/08/2015 08:00:00,,
MAC,Pirajá,REPARO,,SUBSTITUIÇÃO DA REDE DE REFRIGERAÇÃO DA REVERSORA DO MCP-BE,NÃO HOUVE IMPACTO EM MANOBRA,03/09/2015 08:00:00,03/09/2015 14:00:00,,
MAC,Pirajá,REPARO,,REPARO GERAL NA BOMBA DE REFRIGERAÇÃO DO MCP-CE,NÃO HOUVE IMPACTO EM MANOBRA,08/09/2015 08:00:00,08/09/2015 12:00:00,,
MAC,Pirajá,INSPEÇÃO,,REVISÃO RESFRIADOR MCP-CE,NÃO HOUVE IMPACTO EM MANOBRA,10/09/2015 08:00:00,10/09/2015 10:00:00,,
MAC,Pirajá,REPARO,,SUBSTITUIÇÃO 3 INJETORES DO MCP-BB,NÃO HOUVE IMPACTO EM MANOBRA,15/09/2015 08:00:00,15/09/2015 12:00:00,,
MAC,Pirajá,REPARO,,FIXAÇÃO DA TURBINA DO MCP-BB,NÃO HOUVE IMPACTO EM MANOBRA,17/09/2015 08:00:00,17/09/2015 12:00:00,,
MAC,Pirajá,REPARO,,CORREÇÃO DE VAZAMENTO DE LÍQUIDO DE ARREFECIMENTO DO MCP-BB,NÃO HOUVE IMPACTO EM MANOBRA,18/09/2015 08:00:00,18/09/2015 10:00:00,,
MAC,Pirajá,REPARO,,TRECHO DE REDE HIDRAULICA DO LEME,NÃO HOUVE IMPACTO EM MANOBRA,19/09/2015 08:00:00,19/09/2015 09:00:00,,
MAC,Pirajá,REPARO,,SUBSTITUIÇÃO DE 2 MANGOTES DO SISTEMA HIDRAULICO DO LEME,NÃO HOUVE IMPACTO EM MANOBRA,21/09/2015 08:00:00,21/09/2015 10:00:00,,
PNG,SN Chuí,ABASTECIMENTO,,ABASTECIMENTO DE ÁGUA POTÁVEL,NÃO HOUVE IMPACTO EM MANOBRA,02/09/2015 00:00:00,02/09/2015 00:00:00,,
PNG,SN Chuí,ABASTECIMENTO,,ABASTECIMENTO MGO,NÃO HOUVE IMPACTO EM MANOBRA,09/09/2015 00:00:00,09/09/2015 00:00:00,,
PNG,SN Chuí,ABASTECIMENTO,,ABASTECIMENTO DE ÁGUA POTÁVEL,NÃO HOUVE IMPACTO EM MANOBRA,16/09/2015 00:00:00,16/09/2015 00:00:00,,
PNG,SN Chuí,ABASTECIMENTO,,ABASTECIMENTO MGO,NÃO HOUVE IMPACTO EM MANOBRA,29/09/2015 00:00:00,29/09/2015 00:00:00,,
PNG,S/N Jauá,ABASTECIMENTO,,ABASTECIMENTO DE ÁGUA POTÁVEL,NÃO HOUVE IMPACTO EM MANOBRA,02/09/2015 00:00:00,02/09/2015 00:00:00,,
PNG,S/N Jauá,ABASTECIMENTO,,ABASTECIMENTO MGO,NÃO HOUVE IMPACTO EM MANOBRA,09/09/2015 00:00:00,09/09/2015 00:00:00,,
PNG,S/N Jauá,ABASTECIMENTO,,ABASTECIMENTO DE ÁGUA POTÁVEL,NÃO HOUVE IMPACTO EM MANOBRA,16/09/2015 00:00:00,16/09/2015 00:00:00,,
PNG,S/N Jauá,INCIDENTE,,CABO NO HÉLICE,PERDA DE MANOBRA,27/09/2015 14:30:00,27/09/2015 19:30:00,"R$10.964,16",
PNG,S/N Jauá,ABASTECIMENTO,,ABASTECIMENTO MGO,NÃO HOUVE IMPACTO EM MANOBRA,29/09/2015 00:00:00,29/09/2015 00:00:00,,
RJ1,Mossoró,REPARO,,AQUECIMENTO NA CX REVERSORA DE BE A MESMA FOI DESMONTADA E RETIRADO O RESFRIADOR,PERDA DE MANOBRA,20/09/2015 10:00:00,20/09/2015 23:59:00,"R$5.549,76",
RJ1,Mossoró,REPARO,,AQUECIMENTO NA CX REVERSORA DE BE A MESMA FOI DESMONTADA E RETIRADO O RESFRIADOR,PERDA DE MANOBRA,21/09/2015 00:00:00,21/09/2015 16:00:00,"R$1.488,96",
RJ1,Mossoró,REPARO,,MONTAGEM DO RESFRIADOR MCP BE FOI FEITO TESTE DO MESMO DE PROVA DE MAR,NÃO HOUVE IMPACTO EM MANOBRA,22/09/2015 14:30:00,22/09/2015 16:00:00,,
SDR,S/N Caeté,REPARO,,SUBSTITUIÇÃO DE PICK UP MCP BB,NÃO HOUVE IMPACTO EM MANOBRA,29/08/2015 11:00:00,29/08/2015 12:00:00,,
SDR,S/N Caeté,REPARO,,REVISÃO E TESTE NO SISTEMA DE ACELERAÇÃO NO MCP BB,NÃO HOUVE IMPACTO EM MANOBRA,29/09/2015 10:00:00,29/09/2015 19:00:00,,
SDR,S/N Pirambu,ABASTECIMENTO,,COMPRA DE COMBUSTÍVEL,NÃO HOUVE IMPACTO EM MANOBRA,17/09/2015 15:00:00,17/09/2015 15:00:00,,
SDR,Carajás,ABASTECIMENTO,,COMPRA DE COMBUSTIVEL,NÃO HOUVE IMPACTO EM MANOBRA,01/09/2015 13:00:00,01/09/2015 13:00:00,,
SDR,S/N Araruama,ABASTECIMENTO,,FORNECIMENTO DE COMBUSTÍVEL,NÃO HOUVE IMPACTO EM MANOBRA,04/09/2015 09:00:00,04/09/2015 09:00:00,,
SDR,S/N Araruama,ABASTECIMENTO,,FORNECIMENTO DE COMBUSTÍVEL,NÃO HOUVE IMPACTO EM MANOBRA,10/09/2015 10:00:00,10/09/2015 10:00:00,,
SDR,Sauípe,ABASTECIMENTO,,COMPRA DE COMBUSTÍVEL,NÃO HOUVE IMPACTO EM MANOBRA,09/09/2015 11:00:00,09/09/2015 11:00:00,,
SDR,Sauípe,INDISPONIBILIDADE,,SEM SINAL DE ACELERAÇÃO NOS DOIS BORDOS,AFRETAMENTO,22/09/2015 13:00:00,22/09/2015 21:30:00,"R$6.952,70",
SDR,Sauípe,INDISPONIBILIDADE,,SEM SINAL DE ACELERAÇÃO NOS DOIS BORDOS,AFRETAMENTO,24/09/2015 22:00:00,25/09/2015 18:30:00,"R$4.004,84",
SEP,S/N Abrolhos,REPARO,,MANUTENÇÃO NO MCA DE BB E BE,NÃO HOUVE IMPACTO EM MANOBRA,02/09/2015 09:30:00,02/09/2015 19:30:00,,
STR,SN Maraú,ABASTECIMENTO,,,NÃO HOUVE IMPACTO EM MANOBRA,09/09/2015 00:00:00,09/09/2015 00:00:00,,
STR,SN Maraú,VISTORIA,,VISTORIA - THIAGO CLASSIFICADORA ABS - CERTIFICADO DE NAVEGAÇÃO SEGURA,NÃO HOUVE IMPACTO EM MANOBRA,16/08/2015 12:20:00,16/08/2015 18:20:00,,
STR,SN Jatobá,ABASTECIMENTO,,,NÃO HOUVE IMPACTO EM MANOBRA,11/09/2015 00:00:00,11/09/2015 00:00:00,,
STR,SN Jatobá,REPARO,,PEGOU UM PNEU NO PROPULSOR,NÃO HOUVE IMPACTO EM MANOBRA,16/09/2015 20:10:00,17/09/2015 13:00:00,,
STR,SN Jatobá,VISTORIA,,VISTORIA - THIAGO CLASSIFICADORA ABS - CERTIFICADO DE NAVEGAÇÃO SEGURA,NÃO HOUVE IMPACTO EM MANOBRA,17/08/2015 08:00:00,17/08/2015 11:30:00,,
STR,Sauípe,ABASTECIMENTO,,,NÃO HOUVE IMPACTO EM MANOBRA,09/09/2015 00:00:00,09/09/2015 00:00:00,,
STR,S/N Abrolhos,REPARO,,FALHA NA BOMBA DO GUINCHO DE PROA - MCA APAGANDO,AFRETAMENTO,20/09/2015 15:00:00,21/09/2015 22:45:00,"R$94.503,54",
STR,S/N Abrolhos,VISTORIA,,VISTORIA ANVISA - LIVRE PRATICA,NÃO HOUVE IMPACTO EM MANOBRA,26/09/2015 11:20:00,26/09/2015 11:35:00,,
VIT,S/N Aragipe,VIAGEM,,Viagem para docagem,AFRETAMENTO,14/09/2015 22:00:00,16/09/2015 05:30:00,"R$24.467,96",
VIT,S/N Aragipe,DOCAGEM,,Docagem,AFRETAMENTO,16/09/2015 05:30:00,30/09/2015 23:59:00,"R$345.851,56",
VIT,SN Oiapoque,REPARO,,Troca de Válvula reguladora de pressão do MCP de BE,NÃO HOUVE IMPACTO EM MANOBRA,02/09/2015 08:00:00,02/09/2015 09:30:00,,
VIT,SN Oiapoque,INSPEÇÃO,,Inspeção do Compressor de ar BB,NÃO HOUVE IMPACTO EM MANOBRA,03/09/2015 13:00:00,03/09/2015 16:30:00,,
VIT,SN Oiapoque,REPARO,,Reparo nos Ar Condicionado do Passadiço e marinheiros,NÃO HOUVE IMPACTO EM MANOBRA,09/09/2015 13:00:00,09/09/2015 16:00:00,,
VIT,SN Oiapoque,REPARO,,Troca do Pressostato da Bomba Hidrofor,NÃO HOUVE IMPACTO EM MANOBRA,10/09/2015 08:00:00,10/09/2015 09:35:00,,
VIT,SN Oiapoque,REPARO,,Carga de Gás no Ar Condicionado do Camarote dos Marinheiros,NÃO HOUVE IMPACTO EM MANOBRA,24/09/2015 13:00:00,24/09/2015 15:00:00,,